date,model,member_id,sst_c,monthly_climatology_c,anomaly_c,anomaly_detrended_c,nino34_3month_c,episode_sign,episode_phase
1981-01-01,FGOALS-g3,r1i1p1f1,26.722704,26.950704,-0.228000,0.109841,,0,NO_PERSISTENT_EPISODE
1981-02-01,FGOALS-g3,r1i1p1f1,26.613644,26.991518,-0.377874,-0.041693,0.004647,0,NO_PERSISTENT_EPISODE
1981-03-01,FGOALS-g3,r1i1p1f1,26.804529,27.193257,-0.388727,-0.054206,-0.059353,0,NO_PERSISTENT_EPISODE
1981-04-01,FGOALS-g3,r1i1p1f1,27.088306,27.503328,-0.415021,-0.082160,-0.006922,0,NO_PERSISTENT_EPISODE
1981-05-01,FGOALS-g3,r1i1p1f1,27.430655,27.646255,-0.215601,0.115600,-0.007473,0,NO_PERSISTENT_EPISODE
1981-06-01,FGOALS-g3,r1i1p1f1,27.000046,27.385446,-0.385400,-0.055860,-0.023010,0,NO_PERSISTENT_EPISODE
1981-07-01,FGOALS-g3,r1i1p1f1,26.435499,26.892150,-0.456651,-0.128770,-0.078695,0,NO_PERSISTENT_EPISODE
1981-08-01,FGOALS-g3,r1i1p1f1,26.090174,26.467848,-0.377674,-0.051454,-0.128399,0,NO_PERSISTENT_EPISODE
1981-09-01,FGOALS-g3,r1i1p1f1,25.932446,26.461978,-0.529533,-0.204973,-0.123797,0,NO_PERSISTENT_EPISODE
1981-10-01,FGOALS-g3,r1i1p1f1,26.328138,26.766004,-0.437865,-0.114965,-0.144035,0,NO_PERSISTENT_EPISODE
1981-11-01,FGOALS-g3,r1i1p1f1,26.528946,26.962354,-0.433408,-0.112168,-0.045554,0,NO_PERSISTENT_EPISODE
1981-12-01,FGOALS-g3,r1i1p1f1,26.735342,26.964451,-0.229109,0.090471,-0.027372,0,NO_PERSISTENT_EPISODE
1982-01-01,FGOALS-g3,r1i1p1f1,26.572367,26.950704,-0.378337,-0.060418,-0.022395,0,NO_PERSISTENT_EPISODE
1982-02-01,FGOALS-g3,r1i1p1f1,26.578022,26.991518,-0.413496,-0.097237,0.018987,0,NO_PERSISTENT_EPISODE
1982-03-01,FGOALS-g3,r1i1p1f1,27.093273,27.193257,-0.099983,0.214616,0.174365,0,NO_PERSISTENT_EPISODE
1982-04-01,FGOALS-g3,r1i1p1f1,27.596104,27.503328,0.092776,0.405715,0.277458,0,NO_PERSISTENT_EPISODE
1982-05-01,FGOALS-g3,r1i1p1f1,27.547018,27.646255,-0.099237,0.212042,0.285565,0,NO_PERSISTENT_EPISODE
1982-06-01,FGOALS-g3,r1i1p1f1,27.314766,27.385446,-0.070680,0.238939,0.284332,0,NO_PERSISTENT_EPISODE
1982-07-01,FGOALS-g3,r1i1p1f1,26.986208,26.892150,0.094058,0.402017,0.325615,0,NO_PERSISTENT_EPISODE
1982-08-01,FGOALS-g3,r1i1p1f1,26.497438,26.467848,0.029590,0.335889,0.265856,0,NO_PERSISTENT_EPISODE
1982-09-01,FGOALS-g3,r1i1p1f1,26.217003,26.461978,-0.244976,0.059663,0.132366,0,NO_PERSISTENT_EPISODE
1982-10-01,FGOALS-g3,r1i1p1f1,26.464573,26.766004,-0.301431,0.001547,0.104785,0,NO_PERSISTENT_EPISODE
1982-11-01,FGOALS-g3,r1i1p1f1,26.914181,26.962354,-0.048173,0.253145,0.164342,0,NO_PERSISTENT_EPISODE
1982-12-01,FGOALS-g3,r1i1p1f1,26.903128,26.964451,-0.061323,0.238335,0.248579,0,NO_PERSISTENT_EPISODE
1983-01-01,FGOALS-g3,r1i1p1f1,26.906963,26.950704,-0.043741,0.254257,0.224058,0,NO_PERSISTENT_EPISODE
1983-02-01,FGOALS-g3,r1i1p1f1,26.874762,26.991518,-0.116757,0.179581,0.191811,0,NO_PERSISTENT_EPISODE
1983-03-01,FGOALS-g3,r1i1p1f1,27.040173,27.193257,-0.153084,0.141594,0.081875,0,NO_PERSISTENT_EPISODE
1983-04-01,FGOALS-g3,r1i1p1f1,27.134762,27.503328,-0.368566,-0.075548,0.019813,0,NO_PERSISTENT_EPISODE
1983-05-01,FGOALS-g3,r1i1p1f1,27.348291,27.646255,-0.297964,-0.006607,-0.013083,0,NO_PERSISTENT_EPISODE
1983-06-01,FGOALS-g3,r1i1p1f1,27.138657,27.385446,-0.246789,0.042908,0.079990,0,NO_PERSISTENT_EPISODE
1983-07-01,FGOALS-g3,r1i1p1f1,26.807781,26.892150,-0.084369,0.203668,0.124751,0,NO_PERSISTENT_EPISODE
1983-08-01,FGOALS-g3,r1i1p1f1,26.309149,26.467848,-0.158699,0.127677,0.136752,0,NO_PERSISTENT_EPISODE
1983-09-01,FGOALS-g3,r1i1p1f1,26.256172,26.461978,-0.205806,0.078910,0.072407,0,NO_PERSISTENT_EPISODE
1983-10-01,FGOALS-g3,r1i1p1f1,26.493582,26.766004,-0.272422,0.010634,-0.046280,0,NO_PERSISTENT_EPISODE
1983-11-01,FGOALS-g3,r1i1p1f1,26.452572,26.962354,-0.509782,-0.228386,-0.195506,0,NO_PERSISTENT_EPISODE
1983-12-01,FGOALS-g3,r1i1p1f1,26.315947,26.964451,-0.648504,-0.368768,-0.379431,0,NO_PERSISTENT_EPISODE
1984-01-01,FGOALS-g3,r1i1p1f1,26.131489,26.950704,-0.819215,-0.541139,-0.525651,0,NO_PERSISTENT_EPISODE
1984-02-01,FGOALS-g3,r1i1p1f1,26.048056,26.991518,-0.943462,-0.667047,-0.525317,0,NO_PERSISTENT_EPISODE
1984-03-01,FGOALS-g3,r1i1p1f1,26.550735,27.193257,-0.642521,-0.367765,-0.383541,0,NO_PERSISTENT_EPISODE
1984-04-01,FGOALS-g3,r1i1p1f1,27.114420,27.503328,-0.388908,-0.115812,-0.181422,0,NO_PERSISTENT_EPISODE
1984-05-01,FGOALS-g3,r1i1p1f1,27.314133,27.646255,-0.332123,-0.060687,-0.061271,0,NO_PERSISTENT_EPISODE
1984-06-01,FGOALS-g3,r1i1p1f1,27.108358,27.385446,-0.277088,-0.007312,0.008916,0,NO_PERSISTENT_EPISODE
1984-07-01,FGOALS-g3,r1i1p1f1,26.718784,26.892150,-0.173366,0.094749,0.142817,0,NO_PERSISTENT_EPISODE
1984-08-01,FGOALS-g3,r1i1p1f1,26.542406,26.467848,0.074558,0.341013,0.398119,0,NO_PERSISTENT_EPISODE
1984-09-01,FGOALS-g3,r1i1p1f1,26.955780,26.461978,0.493802,0.758596,0.678169,1,EL_NINO
1984-10-01,FGOALS-g3,r1i1p1f1,27.437767,26.766004,0.671763,0.934898,0.995712,1,EL_NINO
1984-11-01,FGOALS-g3,r1i1p1f1,27.994522,26.962354,1.032169,1.293643,1.246399,1,EL_NINO
1984-12-01,FGOALS-g3,r1i1p1f1,28.215294,26.964451,1.250843,1.510657,1.468546,1,EL_NINO
1985-01-01,FGOALS-g3,r1i1p1f1,28.293888,26.950704,1.343184,1.601338,1.569012,1,EL_NINO
1985-02-01,FGOALS-g3,r1i1p1f1,28.330065,26.991518,1.338547,1.595041,1.499823,1,EL_NINO
1985-03-01,FGOALS-g3,r1i1p1f1,28.241512,27.193257,1.048256,1.303090,1.151367,1,EL_NINO
1985-04-01,FGOALS-g3,r1i1p1f1,27.806126,27.503328,0.302798,0.555972,0.751226,1,EL_NINO
1985-05-01,FGOALS-g3,r1i1p1f1,27.789358,27.646255,0.143103,0.394616,0.252080,0,NO_PERSISTENT_EPISODE
1985-06-01,FGOALS-g3,r1i1p1f1,26.941244,27.385446,-0.444202,-0.194349,-0.251029,0,NO_PERSISTENT_EPISODE
1985-07-01,FGOALS-g3,r1i1p1f1,25.690603,26.892150,-1.201547,-0.953354,-0.824396,-1,LA_NINA
1985-08-01,FGOALS-g3,r1i1p1f1,24.895828,26.467848,-1.572020,-1.325487,-1.346097,-1,LA_NINA
1985-09-01,FGOALS-g3,r1i1p1f1,24.457655,26.461978,-2.004324,-1.759451,-1.745673,-1,LA_NINA
1985-10-01,FGOALS-g3,r1i1p1f1,24.370710,26.766004,-2.395293,-2.152081,-2.080632,-1,LA_NINA
1985-11-01,FGOALS-g3,r1i1p1f1,24.390436,26.962354,-2.571917,-2.330365,-2.341301,-1,LA_NINA
1985-12-01,FGOALS-g3,r1i1p1f1,24.183102,26.964451,-2.781349,-2.541457,-2.418858,-1,LA_NINA
1986-01-01,FGOALS-g3,r1i1p1f1,24.327721,26.950704,-2.622983,-2.384751,-2.326916,-1,LA_NINA
1986-02-01,FGOALS-g3,r1i1p1f1,24.700405,26.991518,-2.291113,-2.054541,-2.105882,-1,LA_NINA
1986-03-01,FGOALS-g3,r1i1p1f1,25.079992,27.193257,-2.113264,-1.878352,-1.871183,-1,LA_NINA
1986-04-01,FGOALS-g3,r1i1p1f1,25.589420,27.503328,-1.913907,-1.680656,-1.664160,-1,LA_NINA
1986-05-01,FGOALS-g3,r1i1p1f1,25.981192,27.646255,-1.665064,-1.433472,-1.353061,-1,LA_NINA
1986-06-01,FGOALS-g3,r1i1p1f1,26.210461,27.385446,-1.174985,-0.945054,-0.971599,-1,LA_NINA
1986-07-01,FGOALS-g3,r1i1p1f1,26.127607,26.892150,-0.764543,-0.536271,-0.589102,-1,LA_NINA
1986-08-01,FGOALS-g3,r1i1p1f1,25.955257,26.467848,-0.512591,-0.285979,-0.318406,0,NO_PERSISTENT_EPISODE
1986-09-01,FGOALS-g3,r1i1p1f1,26.104061,26.461978,-0.357917,-0.132966,-0.201087,0,NO_PERSISTENT_EPISODE
1986-10-01,FGOALS-g3,r1i1p1f1,26.358398,26.766004,-0.407605,-0.184315,-0.114745,0,NO_PERSISTENT_EPISODE
1986-11-01,FGOALS-g3,r1i1p1f1,26.713768,26.962354,-0.248586,-0.026955,-0.036963,0,NO_PERSISTENT_EPISODE
1986-12-01,FGOALS-g3,r1i1p1f1,26.844862,26.964451,-0.119589,0.100382,0.114019,0,NO_PERSISTENT_EPISODE
1987-01-01,FGOALS-g3,r1i1p1f1,27.001024,26.950704,0.050320,0.268631,0.272135,0,NO_PERSISTENT_EPISODE
1987-02-01,FGOALS-g3,r1i1p1f1,27.222260,26.991518,0.230741,0.447392,0.443166,0,NO_PERSISTENT_EPISODE
1987-03-01,FGOALS-g3,r1i1p1f1,27.591743,27.193257,0.398487,0.613477,0.593459,1,EL_NINO
1987-04-01,FGOALS-g3,r1i1p1f1,28.009506,27.503328,0.506179,0.719509,0.754728,1,EL_NINO
1987-05-01,FGOALS-g3,r1i1p1f1,28.365786,27.646255,0.719530,0.931200,0.957084,1,EL_NINO
1987-06-01,FGOALS-g3,r1i1p1f1,28.395981,27.385446,1.010535,1.220544,1.237750,1,EL_NINO
1987-07-01,FGOALS-g3,r1i1p1f1,28.245306,26.892150,1.353156,1.561505,1.602509,1,EL_NINO
1987-08-01,FGOALS-g3,r1i1p1f1,28.286636,26.467848,1.818788,2.025478,1.949421,1,EL_NINO
1987-09-01,FGOALS-g3,r1i1p1f1,28.518230,26.461978,2.056252,2.261281,2.231076,1,EL_NINO
1987-10-01,FGOALS-g3,r1i1p1f1,28.969105,26.766004,2.203101,2.406470,2.296001,1,EL_NINO
1987-11-01,FGOALS-g3,r1i1p1f1,28.980898,26.962354,2.018544,2.220253,2.291382,1,EL_NINO
1987-12-01,FGOALS-g3,r1i1p1f1,29.011826,26.964451,2.047375,2.247423,2.224929,1,EL_NINO
1988-01-01,FGOALS-g3,r1i1p1f1,28.959425,26.950704,2.008721,2.207109,2.093436,1,EL_NINO
1988-02-01,FGOALS-g3,r1i1p1f1,28.620565,26.991518,1.629047,1.825776,1.758825,1,EL_NINO
1988-03-01,FGOALS-g3,r1i1p1f1,28.241779,27.193257,1.048523,1.243591,1.282113,1,EL_NINO
1988-04-01,FGOALS-g3,r1i1p1f1,28.086891,27.503328,0.583564,0.776972,0.885631,1,EL_NINO
1988-05-01,FGOALS-g3,r1i1p1f1,28.090837,27.646255,0.444582,0.636330,0.526262,1,EL_NINO
1988-06-01,FGOALS-g3,r1i1p1f1,27.360842,27.385446,-0.024604,0.165483,0.097487,0,NO_PERSISTENT_EPISODE
1988-07-01,FGOALS-g3,r1i1p1f1,26.194370,26.892150,-0.697780,-0.509352,-0.495019,0,NO_PERSISTENT_EPISODE
1988-08-01,FGOALS-g3,r1i1p1f1,25.139893,26.467848,-1.327955,-1.141188,-0.906625,-1,LA_NINA
1988-09-01,FGOALS-g3,r1i1p1f1,25.207537,26.461978,-1.254442,-1.069335,-1.191166,-1,LA_NINA
1988-10-01,FGOALS-g3,r1i1p1f1,25.219582,26.766004,-1.546422,-1.362975,-1.261298,-1,LA_NINA
1988-11-01,FGOALS-g3,r1i1p1f1,25.428984,26.962354,-1.533370,-1.351583,-1.363379,-1,LA_NINA
1988-12-01,FGOALS-g3,r1i1p1f1,25.408745,26.964451,-1.555706,-1.375579,-1.294942,-1,LA_NINA
1989-01-01,FGOALS-g3,r1i1p1f1,25.614573,26.950704,-1.336132,-1.157665,-1.207101,-1,LA_NINA
1989-02-01,FGOALS-g3,r1i1p1f1,25.726652,26.991518,-1.264866,-1.088059,-1.020011,-1,LA_NINA
1989-03-01,FGOALS-g3,r1i1p1f1,26.203800,27.193257,-0.989456,-0.814310,-0.852839,-1,LA_NINA
1989-04-01,FGOALS-g3,r1i1p1f1,26.673693,27.503328,-0.829635,-0.656149,-0.650291,-1,LA_NINA
1989-05-01,FGOALS-g3,r1i1p1f1,26.994015,27.646255,-0.652241,-0.480415,-0.500464,-1,LA_NINA
1989-06-01,FGOALS-g3,r1i1p1f1,26.850451,27.385446,-0.534995,-0.364830,-0.397481,0,NO_PERSISTENT_EPISODE
1989-07-01,FGOALS-g3,r1i1p1f1,26.376446,26.892150,-0.515704,-0.347199,-0.371343,0,NO_PERSISTENT_EPISODE
1989-08-01,FGOALS-g3,r1i1p1f1,25.899002,26.467848,-0.568846,-0.402000,-0.397768,0,NO_PERSISTENT_EPISODE
1989-09-01,FGOALS-g3,r1i1p1f1,25.852688,26.461978,-0.609291,-0.444105,-0.473776,0,NO_PERSISTENT_EPISODE
1989-10-01,FGOALS-g3,r1i1p1f1,26.027256,26.766004,-0.738748,-0.575223,-0.582450,-1,LA_NINA
1989-11-01,FGOALS-g3,r1i1p1f1,26.072468,26.962354,-0.889886,-0.728021,-0.752925,-1,LA_NINA
1989-12-01,FGOALS-g3,r1i1p1f1,25.848713,26.964451,-1.115738,-0.955533,-0.914607,-1,LA_NINA
1990-01-01,FGOALS-g3,r1i1p1f1,25.731892,26.950704,-1.218812,-1.060268,-0.934278,-1,LA_NINA
1990-02-01,FGOALS-g3,r1i1p1f1,26.047600,26.991518,-0.943918,-0.787034,-0.790408,-1,LA_NINA
1990-03-01,FGOALS-g3,r1i1p1f1,26.514111,27.193257,-0.679146,-0.523921,-0.528344,-1,LA_NINA
1990-04-01,FGOALS-g3,r1i1p1f1,27.075687,27.503328,-0.427640,-0.274076,-0.331350,0,NO_PERSISTENT_EPISODE
1990-05-01,FGOALS-g3,r1i1p1f1,27.298298,27.646255,-0.347958,-0.196053,-0.128635,0,NO_PERSISTENT_EPISODE
1990-06-01,FGOALS-g3,r1i1p1f1,27.319427,27.385446,-0.066018,0.084225,0.093276,0,NO_PERSISTENT_EPISODE
1990-07-01,FGOALS-g3,r1i1p1f1,27.135221,26.892150,0.243071,0.391655,0.448095,0,NO_PERSISTENT_EPISODE
1990-08-01,FGOALS-g3,r1i1p1f1,27.189329,26.467848,0.721481,0.868405,0.855500,1,EL_NINO
1990-09-01,FGOALS-g3,r1i1p1f1,27.623154,26.461978,1.161175,1.306439,1.197545,1,EL_NINO
1990-10-01,FGOALS-g3,r1i1p1f1,28.040192,26.766004,1.274188,1.417791,1.371063,1,EL_NINO
1990-11-01,FGOALS-g3,r1i1p1f1,28.209370,26.962354,1.247016,1.388959,1.422408,1,EL_NINO
1990-12-01,FGOALS-g3,r1i1p1f1,28.284641,26.964451,1.320190,1.460473,1.409920,1,EL_NINO
1991-01-01,FGOALS-g3,r1i1p1f1,28.192408,26.950704,1.241704,1.380326,1.356608,1,EL_NINO
1991-02-01,FGOALS-g3,r1i1p1f1,28.083578,26.991518,1.092060,1.229023,1.076739,1,EL_NINO
1991-03-01,FGOALS-g3,r1i1p1f1,27.678822,27.193257,0.485565,0.620868,0.786938,1,EL_NINO
1991-04-01,FGOALS-g3,r1i1p1f1,27.880610,27.503328,0.377282,0.510924,0.560896,1,EL_NINO
1991-05-01,FGOALS-g3,r1i1p1f1,28.065170,27.646255,0.418915,0.550897,0.496665,0,NO_PERSISTENT_EPISODE
1991-06-01,FGOALS-g3,r1i1p1f1,27.683296,27.385446,0.297850,0.428172,0.443454,0,NO_PERSISTENT_EPISODE
1991-07-01,FGOALS-g3,r1i1p1f1,27.114780,26.892150,0.222630,0.351292,0.453370,0,NO_PERSISTENT_EPISODE
1991-08-01,FGOALS-g3,r1i1p1f1,26.921492,26.467848,0.453644,0.580645,0.509715,0,NO_PERSISTENT_EPISODE
1991-09-01,FGOALS-g3,r1i1p1f1,26.933844,26.461978,0.471865,0.597207,0.602797,0,NO_PERSISTENT_EPISODE
1991-10-01,FGOALS-g3,r1i1p1f1,27.272861,26.766004,0.506858,0.630539,0.539933,0,NO_PERSISTENT_EPISODE
1991-11-01,FGOALS-g3,r1i1p1f1,27.232384,26.962354,0.270030,0.392052,0.422679,0,NO_PERSISTENT_EPISODE
1991-12-01,FGOALS-g3,r1i1p1f1,27.089535,26.964451,0.125084,0.245445,0.165853,0,NO_PERSISTENT_EPISODE
1992-01-01,FGOALS-g3,r1i1p1f1,26.692064,26.950704,-0.258640,-0.139939,-0.092426,0,NO_PERSISTENT_EPISODE
1992-02-01,FGOALS-g3,r1i1p1f1,26.491692,26.991518,-0.499826,-0.382786,-0.313301,0,NO_PERSISTENT_EPISODE
1992-03-01,FGOALS-g3,r1i1p1f1,26.660696,27.193257,-0.532560,-0.417180,-0.422915,0,NO_PERSISTENT_EPISODE
1992-04-01,FGOALS-g3,r1i1p1f1,26.920828,27.503328,-0.582500,-0.468779,-0.489142,0,NO_PERSISTENT_EPISODE
1992-05-01,FGOALS-g3,r1i1p1f1,26.952726,27.646255,-0.693529,-0.581469,-0.543883,-1,LA_NINA
1992-06-01,FGOALS-g3,r1i1p1f1,26.693644,27.385446,-0.691802,-0.581402,-0.548250,-1,LA_NINA
1992-07-01,FGOALS-g3,r1i1p1f1,26.301531,26.892150,-0.590619,-0.481879,-0.563553,-1,LA_NINA
1992-08-01,FGOALS-g3,r1i1p1f1,25.733389,26.467848,-0.734459,-0.627379,-0.507090,-1,LA_NINA
1992-09-01,FGOALS-g3,r1i1p1f1,25.944546,26.461978,-0.517433,-0.412013,-0.524168,-1,LA_NINA
1992-10-01,FGOALS-g3,r1i1p1f1,26.129131,26.766004,-0.636872,-0.533113,-0.459223,0,NO_PERSISTENT_EPISODE
1992-11-01,FGOALS-g3,r1i1p1f1,26.427711,26.962354,-0.534642,-0.432543,-0.452212,0,NO_PERSISTENT_EPISODE
1992-12-01,FGOALS-g3,r1i1p1f1,26.473032,26.964451,-0.491419,-0.390980,-0.422157,0,NO_PERSISTENT_EPISODE
1993-01-01,FGOALS-g3,r1i1p1f1,26.408976,26.950704,-0.541728,-0.442949,-0.415976,0,NO_PERSISTENT_EPISODE
1993-02-01,FGOALS-g3,r1i1p1f1,26.480400,26.991518,-0.511118,-0.413999,-0.411461,0,NO_PERSISTENT_EPISODE
1993-03-01,FGOALS-g3,r1i1p1f1,26.720362,27.193257,-0.472895,-0.377436,-0.381849,0,NO_PERSISTENT_EPISODE
1993-04-01,FGOALS-g3,r1i1p1f1,27.055418,27.503328,-0.447910,-0.354111,-0.295655,0,NO_PERSISTENT_EPISODE
1993-05-01,FGOALS-g3,r1i1p1f1,27.398699,27.646255,-0.247557,-0.155418,-0.148914,0,NO_PERSISTENT_EPISODE
1993-06-01,FGOALS-g3,r1i1p1f1,27.357754,27.385446,-0.027692,0.062786,0.091592,0,NO_PERSISTENT_EPISODE
1993-07-01,FGOALS-g3,r1i1p1f1,27.170738,26.892150,0.278588,0.367406,0.297177,0,NO_PERSISTENT_EPISODE
1993-08-01,FGOALS-g3,r1i1p1f1,26.842030,26.467848,0.374182,0.461340,0.551886,1,EL_NINO
1993-09-01,FGOALS-g3,r1i1p1f1,27.203392,26.461978,0.741414,0.826912,0.694417,1,EL_NINO
1993-10-01,FGOALS-g3,r1i1p1f1,27.477165,26.766004,0.711161,0.794999,0.835382,1,EL_NINO
1993-11-01,FGOALS-g3,r1i1p1f1,27.764412,26.962354,0.802058,0.884236,0.881212,1,EL_NINO
1993-12-01,FGOALS-g3,r1i1p1f1,27.848335,26.964451,0.883884,0.964402,0.945235,1,EL_NINO
1994-01-01,FGOALS-g3,r1i1p1f1,27.858915,26.950704,0.908211,0.987069,0.974560,1,EL_NINO
1994-02-01,FGOALS-g3,r1i1p1f1,27.886530,26.991518,0.895012,0.972209,0.917843,1,EL_NINO
1994-03-01,FGOALS-g3,r1i1p1f1,27.911970,27.193257,0.718714,0.794251,0.807256,1,EL_NINO
1994-04-01,FGOALS-g3,r1i1p1f1,28.084759,27.503328,0.581431,0.655308,0.623044,1,EL_NINO
1994-05-01,FGOALS-g3,r1i1p1f1,27.993612,27.646255,0.347357,0.419574,0.400961,0,NO_PERSISTENT_EPISODE
1994-06-01,FGOALS-g3,r1i1p1f1,27.442890,27.385446,0.057444,0.128001,0.027786,0,NO_PERSISTENT_EPISODE
1994-07-01,FGOALS-g3,r1i1p1f1,26.359037,26.892150,-0.533113,-0.464216,-0.430532,0,NO_PERSISTENT_EPISODE
1994-08-01,FGOALS-g3,r1i1p1f1,25.445232,26.467848,-1.022616,-0.955379,-0.867690,-1,LA_NINA
1994-09-01,FGOALS-g3,r1i1p1f1,25.212929,26.461978,-1.249050,-1.183474,-1.067150,-1,LA_NINA
1994-10-01,FGOALS-g3,r1i1p1f1,25.639490,26.766004,-1.126514,-1.062598,-1.122250,-1,LA_NINA
1994-11-01,FGOALS-g3,r1i1p1f1,25.779419,26.962354,-1.182935,-1.120679,-1.086230,-1,LA_NINA
1994-12-01,FGOALS-g3,r1i1p1f1,25.828442,26.964451,-1.136009,-1.075414,-1.100379,-1,LA_NINA
1995-01-01,FGOALS-g3,r1i1p1f1,25.786724,26.950704,-1.163980,-1.105044,-1.039049,-1,LA_NINA
1995-02-01,FGOALS-g3,r1i1p1f1,25.997555,26.991518,-0.993963,-0.936688,-0.909453,-1,LA_NINA
1995-03-01,FGOALS-g3,r1i1p1f1,26.451014,27.193257,-0.742243,-0.686628,-0.713557,-1,LA_NINA
1995-04-01,FGOALS-g3,r1i1p1f1,26.932016,27.503328,-0.571311,-0.517356,-0.564595,-1,LA_NINA
1995-05-01,FGOALS-g3,r1i1p1f1,27.104160,27.646255,-0.542095,-0.489800,-0.499164,0,NO_PERSISTENT_EPISODE
1995-06-01,FGOALS-g3,r1i1p1f1,26.844477,27.385446,-0.540969,-0.490335,-0.514280,-1,LA_NINA
1995-07-01,FGOALS-g3,r1i1p1f1,26.280470,26.892150,-0.611680,-0.562706,-0.612786,-1,LA_NINA
1995-08-01,FGOALS-g3,r1i1p1f1,25.635216,26.467848,-0.832632,-0.785318,-0.735811,-1,LA_NINA
1995-09-01,FGOALS-g3,r1i1p1f1,25.556915,26.461978,-0.905063,-0.859409,-0.865701,-1,LA_NINA
1995-10-01,FGOALS-g3,r1i1p1f1,25.769634,26.766004,-0.996370,-0.952375,-0.992617,-1,LA_NINA
1995-11-01,FGOALS-g3,r1i1p1f1,25.753954,26.962354,-1.208400,-1.166066,-1.111232,-1,LA_NINA
1995-12-01,FGOALS-g3,r1i1p1f1,25.708523,26.964451,-1.255928,-1.215254,-1.177980,-1,LA_NINA
1996-01-01,FGOALS-g3,r1i1p1f1,25.759069,26.950704,-1.191635,-1.152621,-1.077648,-1,LA_NINA
1996-02-01,FGOALS-g3,r1i1p1f1,26.089096,26.991518,-0.902422,-0.865069,-0.845450,-1,LA_NINA
1996-03-01,FGOALS-g3,r1i1p1f1,26.638903,27.193257,-0.554354,-0.518661,-0.534138,-1,LA_NINA
1996-04-01,FGOALS-g3,r1i1p1f1,27.250610,27.503328,-0.252717,-0.218684,-0.245879,0,NO_PERSISTENT_EPISODE
1996-05-01,FGOALS-g3,r1i1p1f1,27.613590,27.646255,-0.032665,-0.000292,0.009590,0,NO_PERSISTENT_EPISODE
1996-06-01,FGOALS-g3,r1i1p1f1,27.602480,27.385446,0.217034,0.247747,0.294626,0,NO_PERSISTENT_EPISODE
1996-07-01,FGOALS-g3,r1i1p1f1,27.499521,26.892150,0.607371,0.636424,0.680213,1,EL_NINO
1996-08-01,FGOALS-g3,r1i1p1f1,27.596924,26.467848,1.129076,1.156468,1.091539,1,EL_NINO
1996-09-01,FGOALS-g3,r1i1p1f1,27.917971,26.461978,1.455992,1.481725,1.373484,1,EL_NINO
1996-10-01,FGOALS-g3,r1i1p1f1,28.224190,26.766004,1.458186,1.482258,1.542754,1,EL_NINO
1996-11-01,FGOALS-g3,r1i1p1f1,28.604221,26.962354,1.641868,1.664280,1.611927,1,EL_NINO
1996-12-01,FGOALS-g3,r1i1p1f1,28.632942,26.964451,1.668491,1.689243,1.696474,1,EL_NINO
1997-01-01,FGOALS-g3,r1i1p1f1,28.667511,26.950704,1.716807,1.735899,1.687118,1,EL_NINO
1997-02-01,FGOALS-g3,r1i1p1f1,28.610298,26.991518,1.618780,1.636212,1.565646,1,EL_NINO
1997-03-01,FGOALS-g3,r1i1p1f1,28.502312,27.193257,1.309055,1.324827,1.254170,1,EL_NINO
1997-04-01,FGOALS-g3,r1i1p1f1,28.290688,27.503328,0.787360,0.801471,0.902495,1,EL_NINO
1997-05-01,FGOALS-g3,r1i1p1f1,28.214993,27.646255,0.568737,0.581188,0.564141,1,EL_NINO
1997-06-01,FGOALS-g3,r1i1p1f1,27.684418,27.385446,0.298972,0.309763,0.262495,0,NO_PERSISTENT_EPISODE
1997-07-01,FGOALS-g3,r1i1p1f1,26.779552,26.892150,-0.112598,-0.103467,0.010954,0,NO_PERSISTENT_EPISODE
1997-08-01,FGOALS-g3,r1i1p1f1,26.286943,26.467848,-0.180905,-0.173434,-0.278322,0,NO_PERSISTENT_EPISODE
1997-09-01,FGOALS-g3,r1i1p1f1,25.898102,26.461978,-0.563877,-0.558066,-0.367668,0,NO_PERSISTENT_EPISODE
1997-10-01,FGOALS-g3,r1i1p1f1,26.390350,26.766004,-0.375653,-0.371503,-0.389728,0,NO_PERSISTENT_EPISODE
1997-11-01,FGOALS-g3,r1i1p1f1,26.720247,26.962354,-0.242106,-0.239616,-0.264452,0,NO_PERSISTENT_EPISODE
1997-12-01,FGOALS-g3,r1i1p1f1,26.781384,26.964451,-0.183067,-0.182237,-0.217254,0,NO_PERSISTENT_EPISODE
1998-01-01,FGOALS-g3,r1i1p1f1,26.721624,26.950704,-0.229080,-0.229910,-0.253894,0,NO_PERSISTENT_EPISODE
1998-02-01,FGOALS-g3,r1i1p1f1,26.644474,26.991518,-0.347044,-0.349534,-0.265800,0,NO_PERSISTENT_EPISODE
1998-03-01,FGOALS-g3,r1i1p1f1,26.979452,27.193257,-0.213804,-0.217955,-0.177378,0,NO_PERSISTENT_EPISODE
1998-04-01,FGOALS-g3,r1i1p1f1,27.544493,27.503328,0.041165,0.035355,-0.055206,0,NO_PERSISTENT_EPISODE
1998-05-01,FGOALS-g3,r1i1p1f1,27.670708,27.646255,0.024452,0.016982,-0.020588,0,NO_PERSISTENT_EPISODE
1998-06-01,FGOALS-g3,r1i1p1f1,27.280476,27.385446,-0.104970,-0.114101,-0.137822,0,NO_PERSISTENT_EPISODE
1998-07-01,FGOALS-g3,r1i1p1f1,26.586596,26.892150,-0.305554,-0.316345,-0.310925,0,NO_PERSISTENT_EPISODE
1998-08-01,FGOALS-g3,r1i1p1f1,25.977970,26.467848,-0.489878,-0.502329,-0.612996,-1,LA_NINA
1998-09-01,FGOALS-g3,r1i1p1f1,25.455776,26.461978,-1.006202,-1.020314,-0.878673,-1,LA_NINA
1998-10-01,FGOALS-g3,r1i1p1f1,25.668400,26.766004,-1.097604,-1.113375,-1.128190,-1,LA_NINA
1998-11-01,FGOALS-g3,r1i1p1f1,25.728903,26.962354,-1.233451,-1.250882,-1.180106,-1,LA_NINA
1998-12-01,FGOALS-g3,r1i1p1f1,25.807482,26.964451,-1.156969,-1.176061,-1.215066,-1,LA_NINA
1999-01-01,FGOALS-g3,r1i1p1f1,25.753202,26.950704,-1.197502,-1.218254,-1.086068,-1,LA_NINA
1999-02-01,FGOALS-g3,r1i1p1f1,26.150042,26.991518,-0.841477,-0.863889,-0.896687,-1,LA_NINA
1999-03-01,FGOALS-g3,r1i1p1f1,26.609411,27.193257,-0.583845,-0.607918,-0.604192,-1,LA_NINA
1999-04-01,FGOALS-g3,r1i1p1f1,27.188292,27.503328,-0.315036,-0.340768,-0.345641,0,NO_PERSISTENT_EPISODE
1999-05-01,FGOALS-g3,r1i1p1f1,27.585411,27.646255,-0.060844,-0.088237,-0.117032,0,NO_PERSISTENT_EPISODE
1999-06-01,FGOALS-g3,r1i1p1f1,27.492409,27.385446,0.106963,0.077910,0.093485,0,NO_PERSISTENT_EPISODE
1999-07-01,FGOALS-g3,r1i1p1f1,27.213646,26.892150,0.321496,0.290783,0.370704,0,NO_PERSISTENT_EPISODE
1999-08-01,FGOALS-g3,r1i1p1f1,27.243639,26.467848,0.775791,0.743418,0.688626,1,EL_NINO
1999-09-01,FGOALS-g3,r1i1p1f1,27.527687,26.461978,1.065709,1.031675,0.938534,1,EL_NINO
1999-10-01,FGOALS-g3,r1i1p1f1,27.842205,26.766004,1.076201,1.040508,1.067606,1,EL_NINO
1999-11-01,FGOALS-g3,r1i1p1f1,28.130342,26.962354,1.167989,1.130635,1.087837,1,EL_NINO
1999-12-01,FGOALS-g3,r1i1p1f1,28.095831,26.964451,1.131380,1.092366,1.067640,1,EL_NINO
2000-01-01,FGOALS-g3,r1i1p1f1,27.971296,26.950704,1.020592,0.979918,1.016944,1,EL_NINO
2000-02-01,FGOALS-g3,r1i1p1f1,28.012398,26.991518,1.020880,0.978546,0.940803,1,EL_NINO
2000-03-01,FGOALS-g3,r1i1p1f1,28.101194,27.193257,0.907938,0.863944,0.806479,1,EL_NINO
2000-04-01,FGOALS-g3,r1i1p1f1,28.125929,27.503328,0.622601,0.576947,0.542801,1,EL_NINO
2000-05-01,FGOALS-g3,r1i1p1f1,27.881081,27.646255,0.234825,0.187511,0.246690,0,NO_PERSISTENT_EPISODE
2000-06-01,FGOALS-g3,r1i1p1f1,27.410032,27.385446,0.024586,-0.024388,-0.054869,0,NO_PERSISTENT_EPISODE
2000-07-01,FGOALS-g3,r1i1p1f1,26.615055,26.892150,-0.277095,-0.327730,-0.299392,0,NO_PERSISTENT_EPISODE
2000-08-01,FGOALS-g3,r1i1p1f1,25.974085,26.467848,-0.493763,-0.546058,-0.535134,-1,LA_NINA
2000-09-01,FGOALS-g3,r1i1p1f1,25.784319,26.461978,-0.677660,-0.731615,-0.733332,-1,LA_NINA
2000-10-01,FGOALS-g3,r1i1p1f1,25.899296,26.766004,-0.866708,-0.922323,-0.908608,-1,LA_NINA
2000-11-01,FGOALS-g3,r1i1p1f1,25.947742,26.962354,-1.014611,-1.071886,-1.072767,-1,LA_NINA
2000-12-01,FGOALS-g3,r1i1p1f1,25.799295,26.964451,-1.165155,-1.224091,-1.232120,-1,LA_NINA
2001-01-01,FGOALS-g3,r1i1p1f1,25.610918,26.950704,-1.339786,-1.400382,-1.334929,-1,LA_NINA
2001-02-01,FGOALS-g3,r1i1p1f1,25.673460,26.991518,-1.318058,-1.380314,-1.320223,-1,LA_NINA
2001-03-01,FGOALS-g3,r1i1p1f1,26.077198,27.193257,-1.116058,-1.179974,-1.115309,-1,LA_NINA
2001-04-01,FGOALS-g3,r1i1p1f1,26.783264,27.503328,-0.720063,-0.785640,-0.838567,-1,LA_NINA
2001-05-01,FGOALS-g3,r1i1p1f1,27.163404,27.646255,-0.482851,-0.550087,-0.527180,-1,LA_NINA
2001-06-01,FGOALS-g3,r1i1p1f1,27.208530,27.385446,-0.176916,-0.245812,-0.245124,0,NO_PERSISTENT_EPISODE
2001-07-01,FGOALS-g3,r1i1p1f1,27.023233,26.892150,0.131083,0.060527,-0.022642,0,NO_PERSISTENT_EPISODE
2001-08-01,FGOALS-g3,r1i1p1f1,26.657423,26.467848,0.189575,0.117358,0.140458,0,NO_PERSISTENT_EPISODE
2001-09-01,FGOALS-g3,r1i1p1f1,26.779345,26.461978,0.317366,0.243489,0.236951,0,NO_PERSISTENT_EPISODE
2001-10-01,FGOALS-g3,r1i1p1f1,27.191547,26.766004,0.425544,0.350007,0.348016,0,NO_PERSISTENT_EPISODE
2001-11-01,FGOALS-g3,r1i1p1f1,27.490103,26.962354,0.527749,0.450552,0.432488,0,NO_PERSISTENT_EPISODE
2001-12-01,FGOALS-g3,r1i1p1f1,27.540213,26.964451,0.575762,0.496904,0.511637,0,NO_PERSISTENT_EPISODE
2002-01-01,FGOALS-g3,r1i1p1f1,27.618677,26.950704,0.667973,0.587456,0.581654,0,NO_PERSISTENT_EPISODE
2002-02-01,FGOALS-g3,r1i1p1f1,27.734299,26.991518,0.742781,0.660603,0.572880,0,NO_PERSISTENT_EPISODE
2002-03-01,FGOALS-g3,r1i1p1f1,27.747677,27.193257,0.554420,0.470583,0.528707,0,NO_PERSISTENT_EPISODE
2002-04-01,FGOALS-g3,r1i1p1f1,28.043762,27.503328,0.540435,0.454937,0.487989,0,NO_PERSISTENT_EPISODE
2002-05-01,FGOALS-g3,r1i1p1f1,28.271862,27.646255,0.625607,0.538448,0.547645,0,NO_PERSISTENT_EPISODE
2002-06-01,FGOALS-g3,r1i1p1f1,28.123814,27.385446,0.738368,0.649549,0.639314,0,NO_PERSISTENT_EPISODE
2002-07-01,FGOALS-g3,r1i1p1f1,27.712574,26.892150,0.820424,0.729946,0.640882,0,NO_PERSISTENT_EPISODE
2002-08-01,FGOALS-g3,r1i1p1f1,27.103138,26.467848,0.635290,0.543151,0.559065,0,NO_PERSISTENT_EPISODE
2002-09-01,FGOALS-g3,r1i1p1f1,26.959875,26.461978,0.497897,0.404098,0.408465,0,NO_PERSISTENT_EPISODE
2002-10-01,FGOALS-g3,r1i1p1f1,27.139608,26.766004,0.373605,0.278146,0.364170,0,NO_PERSISTENT_EPISODE
2002-11-01,FGOALS-g3,r1i1p1f1,27.469738,26.962354,0.507384,0.410265,0.387167,0,NO_PERSISTENT_EPISODE
2002-12-01,FGOALS-g3,r1i1p1f1,27.536320,26.964451,0.571869,0.473090,0.490408,0,NO_PERSISTENT_EPISODE
2003-01-01,FGOALS-g3,r1i1p1f1,27.639013,26.950704,0.688309,0.587870,0.570883,1,EL_NINO
2003-02-01,FGOALS-g3,r1i1p1f1,27.745306,26.991518,0.753788,0.651688,0.638183,1,EL_NINO
2003-03-01,FGOALS-g3,r1i1p1f1,27.972006,27.193257,0.778749,0.674990,0.607214,1,EL_NINO
2003-04-01,FGOALS-g3,r1i1p1f1,28.103712,27.503328,0.600385,0.494965,0.575757,1,EL_NINO
2003-05-01,FGOALS-g3,r1i1p1f1,28.310652,27.646255,0.664396,0.557316,0.621295,1,EL_NINO
2003-06-01,FGOALS-g3,r1i1p1f1,28.305790,27.385446,0.920344,0.811604,0.746083,1,EL_NINO
2003-07-01,FGOALS-g3,r1i1p1f1,27.871880,26.892150,0.979730,0.869329,0.853136,1,EL_NINO
2003-08-01,FGOALS-g3,r1i1p1f1,27.458384,26.467848,0.990536,0.878475,0.938586,1,EL_NINO
2003-09-01,FGOALS-g3,r1i1p1f1,27.643652,26.461978,1.181673,1.067953,1.009601,1,EL_NINO
2003-10-01,FGOALS-g3,r1i1p1f1,27.963758,26.766004,1.197755,1.082374,1.054651,1,EL_NINO
2003-11-01,FGOALS-g3,r1i1p1f1,28.093019,26.962354,1.130666,1.013625,1.068557,1,EL_NINO
2003-12-01,FGOALS-g3,r1i1p1f1,28.192823,26.964451,1.228373,1.109671,1.098002,1,EL_NINO
2004-01-01,FGOALS-g3,r1i1p1f1,28.241774,26.950704,1.291070,1.170708,1.099571,1,EL_NINO
2004-02-01,FGOALS-g3,r1i1p1f1,28.131872,26.991518,1.140354,1.018333,1.013568,1,EL_NINO
2004-03-01,FGOALS-g3,r1i1p1f1,28.168600,27.193257,0.975344,0.851662,0.892534,1,EL_NINO
2004-04-01,FGOALS-g3,r1i1p1f1,28.436275,27.503328,0.932948,0.807606,0.788191,1,EL_NINO
2004-05-01,FGOALS-g3,r1i1p1f1,28.478563,27.646255,0.832308,0.705306,0.763436,1,EL_NINO
2004-06-01,FGOALS-g3,r1i1p1f1,28.291504,27.385446,0.906058,0.777396,0.839540,1,EL_NINO
2004-07-01,FGOALS-g3,r1i1p1f1,28.058390,26.892150,1.166240,1.035918,0.922880,1,EL_NINO
2004-08-01,FGOALS-g3,r1i1p1f1,27.555157,26.467848,1.087309,0.955326,1.000415,1,EL_NINO
2004-09-01,FGOALS-g3,r1i1p1f1,27.605623,26.461978,1.143645,1.010002,1.017688,1,EL_NINO
2004-10-01,FGOALS-g3,r1i1p1f1,27.989040,26.766004,1.223037,1.087734,1.086516,1,EL_NINO
2004-11-01,FGOALS-g3,r1i1p1f1,28.261127,26.962354,1.298774,1.161811,1.178795,1,EL_NINO
2004-12-01,FGOALS-g3,r1i1p1f1,28.389914,26.964451,1.425463,1.286840,1.214729,1,EL_NINO
2005-01-01,FGOALS-g3,r1i1p1f1,28.286522,26.950704,1.335818,1.195535,1.123229,1,EL_NINO
2005-02-01,FGOALS-g3,r1i1p1f1,28.020775,26.991518,1.029257,0.887314,0.933417,1,EL_NINO
2005-03-01,FGOALS-g3,r1i1p1f1,28.054262,27.193257,0.861006,0.717402,0.710869,1,EL_NINO
2005-04-01,FGOALS-g3,r1i1p1f1,28.176481,27.503328,0.673154,0.527890,0.470496,0,NO_PERSISTENT_EPISODE
2005-05-01,FGOALS-g3,r1i1p1f1,27.959375,27.646255,0.313120,0.166196,0.190099,0,NO_PERSISTENT_EPISODE
2005-06-01,FGOALS-g3,r1i1p1f1,27.410240,27.385446,0.024794,-0.123790,-0.131676,0,NO_PERSISTENT_EPISODE
2005-07-01,FGOALS-g3,r1i1p1f1,26.604959,26.892150,-0.287191,-0.437434,-0.444647,0,NO_PERSISTENT_EPISODE
2005-08-01,FGOALS-g3,r1i1p1f1,25.847034,26.467848,-0.620813,-0.772718,-0.623801,-1,LA_NINA
2005-09-01,FGOALS-g3,r1i1p1f1,25.954290,26.461978,-0.507688,-0.661252,-0.667481,-1,LA_NINA
2005-10-01,FGOALS-g3,r1i1p1f1,26.352757,26.766004,-0.413247,-0.568472,-0.570003,-1,LA_NINA
2005-11-01,FGOALS-g3,r1i1p1f1,26.638952,26.962354,-0.323401,-0.480286,-0.578389,-1,LA_NINA
2005-12-01,FGOALS-g3,r1i1p1f1,26.436586,26.964451,-0.527865,-0.686409,-0.652773,-1,LA_NINA
2006-01-01,FGOALS-g3,r1i1p1f1,26.319284,26.950704,-0.631420,-0.791625,-0.710266,-1,LA_NINA
2006-02-01,FGOALS-g3,r1i1p1f1,26.500618,26.991518,-0.490900,-0.652765,-0.641660,-1,LA_NINA
2006-03-01,FGOALS-g3,r1i1p1f1,26.876190,27.193257,-0.317066,-0.480592,-0.484607,0,NO_PERSISTENT_EPISODE
2006-04-01,FGOALS-g3,r1i1p1f1,27.348047,27.503328,-0.155280,-0.320466,-0.363533,0,NO_PERSISTENT_EPISODE
2006-05-01,FGOALS-g3,r1i1p1f1,27.523560,27.646255,-0.122696,-0.289541,-0.237713,0,NO_PERSISTENT_EPISODE
2006-06-01,FGOALS-g3,r1i1p1f1,27.450821,27.385446,0.065375,-0.103131,-0.060629,0,NO_PERSISTENT_EPISODE
2006-07-01,FGOALS-g3,r1i1p1f1,27.273102,26.892150,0.380952,0.210786,0.268462,0,NO_PERSISTENT_EPISODE
2006-08-01,FGOALS-g3,r1i1p1f1,27.337404,26.467848,0.869556,0.697730,0.597152,1,EL_NINO
2006-09-01,FGOALS-g3,r1i1p1f1,27.518404,26.461978,1.056426,0.882939,0.857698,1,EL_NINO
2006-10-01,FGOALS-g3,r1i1p1f1,27.933575,26.766004,1.167571,0.992425,0.973213,1,EL_NINO
2006-11-01,FGOALS-g3,r1i1p1f1,28.183435,26.962354,1.221082,1.044275,1.023609,1,EL_NINO
2006-12-01,FGOALS-g3,r1i1p1f1,28.177046,26.964451,1.212595,1.034128,0.975325,1,EL_NINO
2007-01-01,FGOALS-g3,r1i1p1f1,27.978403,26.950704,1.027699,0.847572,0.810457,1,EL_NINO
2007-02-01,FGOALS-g3,r1i1p1f1,27.722977,26.991518,0.731459,0.549672,0.543882,1,EL_NINO
2007-03-01,FGOALS-g3,r1i1p1f1,27.611107,27.193257,0.417850,0.234403,0.257515,0,NO_PERSISTENT_EPISODE
2007-04-01,FGOALS-g3,r1i1p1f1,27.676905,27.503328,0.173577,-0.011530,-0.041745,0,NO_PERSISTENT_EPISODE
2007-05-01,FGOALS-g3,r1i1p1f1,27.484915,27.646255,-0.161341,-0.348108,-0.389079,0,NO_PERSISTENT_EPISODE
2007-06-01,FGOALS-g3,r1i1p1f1,26.766273,27.385446,-0.619172,-0.807600,-0.720533,-1,LA_NINA
2007-07-01,FGOALS-g3,r1i1p1f1,26.076345,26.892150,-0.815805,-1.005892,-1.008363,-1,LA_NINA
2007-08-01,FGOALS-g3,r1i1p1f1,25.448000,26.467848,-1.019848,-1.211596,-1.238806,-1,LA_NINA
2007-09-01,FGOALS-g3,r1i1p1f1,25.156456,26.461978,-1.305522,-1.498930,-1.348941,-1,LA_NINA
2007-10-01,FGOALS-g3,r1i1p1f1,25.624775,26.766004,-1.141229,-1.336297,-1.472549,-1,LA_NINA
2007-11-01,FGOALS-g3,r1i1p1f1,25.576662,26.962354,-1.385692,-1.582420,-1.468095,-1,LA_NINA
2007-12-01,FGOALS-g3,r1i1p1f1,25.677271,26.964451,-1.287180,-1.485568,-1.470816,-1,LA_NINA
2008-01-01,FGOALS-g3,r1i1p1f1,25.806292,26.950704,-1.144412,-1.344461,-1.307196,-1,LA_NINA
2008-02-01,FGOALS-g3,r1i1p1f1,26.101669,26.991518,-0.889849,-1.091558,-1.044948,-1,LA_NINA
2008-03-01,FGOALS-g3,r1i1p1f1,26.697802,27.193257,-0.495455,-0.698824,-0.660870,-1,LA_NINA
2008-04-01,FGOALS-g3,r1i1p1f1,27.516129,27.503328,0.012801,-0.192228,-0.300601,0,NO_PERSISTENT_EPISODE
2008-05-01,FGOALS-g3,r1i1p1f1,27.842194,27.646255,0.195938,-0.010751,-0.018994,0,NO_PERSISTENT_EPISODE
2008-06-01,FGOALS-g3,r1i1p1f1,27.739792,27.385446,0.354346,0.145996,0.138693,0,NO_PERSISTENT_EPISODE
2008-07-01,FGOALS-g3,r1i1p1f1,27.382992,26.892150,0.490842,0.280832,0.322668,0,NO_PERSISTENT_EPISODE
2008-08-01,FGOALS-g3,r1i1p1f1,27.220694,26.467848,0.752846,0.541176,0.566593,1,EL_NINO
2008-09-01,FGOALS-g3,r1i1p1f1,27.553080,26.461978,1.091101,0.877771,0.851055,1,EL_NINO
2008-10-01,FGOALS-g3,r1i1p1f1,28.115211,26.766004,1.349208,1.134218,1.144643,1,EL_NINO
2008-11-01,FGOALS-g3,r1i1p1f1,28.600943,26.962354,1.638589,1.421939,1.372689,1,EL_NINO
2008-12-01,FGOALS-g3,r1i1p1f1,28.744671,26.964451,1.780220,1.561910,1.529749,1,EL_NINO
2009-01-01,FGOALS-g3,r1i1p1f1,28.776072,26.950704,1.825367,1.605397,1.518081,1,EL_NINO
2009-02-01,FGOALS-g3,r1i1p1f1,28.600086,26.991518,1.608568,1.386937,1.313252,1,EL_NINO
2009-03-01,FGOALS-g3,r1i1p1f1,28.363968,27.193257,1.170711,0.947421,1.022748,1,EL_NINO
2009-04-01,FGOALS-g3,r1i1p1f1,28.462164,27.503328,0.958836,0.733885,0.777952,1,EL_NINO
2009-05-01,FGOALS-g3,r1i1p1f1,28.525417,27.646255,0.879162,0.652551,0.598292,1,EL_NINO
2009-06-01,FGOALS-g3,r1i1p1f1,28.022158,27.385446,0.636712,0.408440,0.423256,0,NO_PERSISTENT_EPISODE
2009-07-01,FGOALS-g3,r1i1p1f1,27.330858,26.892150,0.438708,0.208777,0.222090,0,NO_PERSISTENT_EPISODE
2009-08-01,FGOALS-g3,r1i1p1f1,26.748491,26.467848,0.280643,0.049052,-0.109064,0,NO_PERSISTENT_EPISODE
2009-09-01,FGOALS-g3,r1i1p1f1,26.110210,26.461978,-0.351768,-0.585020,-0.410363,0,NO_PERSISTENT_EPISODE
2009-10-01,FGOALS-g3,r1i1p1f1,26.305794,26.766004,-0.460210,-0.695122,-0.706195,-1,LA_NINA
2009-11-01,FGOALS-g3,r1i1p1f1,26.360483,26.962354,-0.601870,-0.838442,-0.912870,-1,LA_NINA
2009-12-01,FGOALS-g3,r1i1p1f1,25.997637,26.964451,-0.966814,-1.205046,-1.021251,-1,LA_NINA
2010-01-01,FGOALS-g3,r1i1p1f1,26.170332,26.950704,-0.780372,-1.020264,-1.050664,-1,LA_NINA
2010-02-01,FGOALS-g3,r1i1p1f1,26.306389,26.991518,-0.685129,-0.926682,-0.923438,-1,LA_NINA
2010-03-01,FGOALS-g3,r1i1p1f1,26.613102,27.193257,-0.580155,-0.823367,-0.797906,-1,LA_NINA
2010-04-01,FGOALS-g3,r1i1p1f1,27.104530,27.503328,-0.398797,-0.643670,-0.723946,-1,LA_NINA
2010-05-01,FGOALS-g3,r1i1p1f1,27.187988,27.646255,-0.458267,-0.704800,-0.623253,-1,LA_NINA
2010-06-01,FGOALS-g3,r1i1p1f1,27.112350,27.385446,-0.273096,-0.521289,-0.525560,-1,LA_NINA
2010-07-01,FGOALS-g3,r1i1p1f1,26.791412,26.892150,-0.100738,-0.350591,-0.464520,0,NO_PERSISTENT_EPISODE
2010-08-01,FGOALS-g3,r1i1p1f1,26.197681,26.467848,-0.270167,-0.521680,-0.523070,-1,LA_NINA
2010-09-01,FGOALS-g3,r1i1p1f1,26.018213,26.461978,-0.443765,-0.696939,-0.632478,-1,LA_NINA
2010-10-01,FGOALS-g3,r1i1p1f1,26.342022,26.766004,-0.423982,-0.678816,-0.724646,-1,LA_NINA
2010-11-01,FGOALS-g3,r1i1p1f1,26.420664,26.962354,-0.541690,-0.798184,-0.758319,-1,LA_NINA
2010-12-01,FGOALS-g3,r1i1p1f1,26.424648,26.964451,-0.539803,-0.797957,-0.767737,-1,LA_NINA
2011-01-01,FGOALS-g3,r1i1p1f1,26.503447,26.950704,-0.447257,-0.707072,-0.651618,-1,LA_NINA
2011-02-01,FGOALS-g3,r1i1p1f1,26.803165,26.991518,-0.188353,-0.449827,-0.389189,0,NO_PERSISTENT_EPISODE
2011-03-01,FGOALS-g3,r1i1p1f1,27.445723,27.193257,0.252466,-0.010668,-0.057869,0,NO_PERSISTENT_EPISODE
2011-04-01,FGOALS-g3,r1i1p1f1,28.055010,27.503328,0.551682,0.286888,0.224722,0,NO_PERSISTENT_EPISODE
2011-05-01,FGOALS-g3,r1i1p1f1,28.310656,27.646255,0.664400,0.397945,0.414446,0,NO_PERSISTENT_EPISODE
2011-06-01,FGOALS-g3,r1i1p1f1,28.212067,27.385446,0.826621,0.558506,0.672076,1,EL_NINO
2011-07-01,FGOALS-g3,r1i1p1f1,28.221703,26.892150,1.329553,1.059777,0.998637,1,EL_NINO
2011-08-01,FGOALS-g3,r1i1p1f1,28.116911,26.467848,1.649063,1.377628,1.347998,1,EL_NINO
2011-09-01,FGOALS-g3,r1i1p1f1,28.341663,26.461978,1.879685,1.606589,1.529160,1,EL_NINO
2011-10-01,FGOALS-g3,r1i1p1f1,28.644022,26.766004,1.878018,1.603263,1.623897,1,EL_NINO
2011-11-01,FGOALS-g3,r1i1p1f1,28.900608,26.962354,1.938254,1.661839,1.669733,1,EL_NINO
2011-12-01,FGOALS-g3,r1i1p1f1,28.986626,26.964451,2.022175,1.744099,1.690148,1,EL_NINO
2012-01-01,FGOALS-g3,r1i1p1f1,28.894945,26.950704,1.944241,1.664505,1.656321,1,EL_NINO
2012-02-01,FGOALS-g3,r1i1p1f1,28.833273,26.991518,1.841755,1.560359,1.537004,1,EL_NINO
2012-03-01,FGOALS-g3,r1i1p1f1,28.862461,27.193257,1.669205,1.386148,1.340325,1,EL_NINO
2012-04-01,FGOALS-g3,r1i1p1f1,28.862513,27.503328,1.359185,1.074469,1.050658,1,EL_NINO
2012-05-01,FGOALS-g3,r1i1p1f1,28.623989,27.646255,0.977734,0.691357,0.508722,1,EL_NINO
2012-06-01,FGOALS-g3,r1i1p1f1,27.433823,27.385446,0.048377,-0.239660,-0.083815,0,NO_PERSISTENT_EPISODE
2012-07-01,FGOALS-g3,r1i1p1f1,26.478704,26.892150,-0.413446,-0.703143,-0.794111,-1,LA_NINA
2012-08-01,FGOALS-g3,r1i1p1f1,25.319674,26.467848,-1.148174,-1.439532,-1.317393,-1,LA_NINA
2012-09-01,FGOALS-g3,r1i1p1f1,24.945490,26.461978,-1.516489,-1.809506,-1.896594,-1,LA_NINA
2012-10-01,FGOALS-g3,r1i1p1f1,24.619938,26.766004,-2.146066,-2.440743,-2.336914,-1,LA_NINA
2012-11-01,FGOALS-g3,r1i1p1f1,24.498198,26.962354,-2.464156,-2.760494,-2.674470,-1,LA_NINA
2012-12-01,FGOALS-g3,r1i1p1f1,24.440275,26.964451,-2.524176,-2.822173,-2.792287,-1,LA_NINA
2013-01-01,FGOALS-g3,r1i1p1f1,24.456167,26.950704,-2.494537,-2.794195,-2.680367,-1,LA_NINA
2013-02-01,FGOALS-g3,r1i1p1f1,24.868103,26.991518,-2.123415,-2.424733,-2.414961,-1,LA_NINA
2013-03-01,FGOALS-g3,r1i1p1f1,25.470280,27.193257,-1.722977,-2.025955,-2.037635,-1,LA_NINA
2013-04-01,FGOALS-g3,r1i1p1f1,26.145750,27.503328,-1.357578,-1.662216,-1.651351,-1,LA_NINA
2013-05-01,FGOALS-g3,r1i1p1f1,26.686672,27.646255,-0.959583,-1.265882,-1.283417,-1,LA_NINA
2013-06-01,FGOALS-g3,r1i1p1f1,26.771250,27.385446,-0.614196,-0.922155,-0.832641,-1,LA_NINA
2013-07-01,FGOALS-g3,r1i1p1f1,26.891882,26.892150,-0.000268,-0.309887,-0.436854,0,NO_PERSISTENT_EPISODE
2013-08-01,FGOALS-g3,r1i1p1f1,26.700605,26.467848,0.232757,-0.078522,-0.113472,0,NO_PERSISTENT_EPISODE
2013-09-01,FGOALS-g3,r1i1p1f1,26.822910,26.461978,0.360932,0.047993,0.041127,0,NO_PERSISTENT_EPISODE
2013-10-01,FGOALS-g3,r1i1p1f1,27.234514,26.766004,0.468510,0.153911,0.201711,0,NO_PERSISTENT_EPISODE
2013-11-01,FGOALS-g3,r1i1p1f1,27.681843,26.962354,0.719489,0.403230,0.392937,0,NO_PERSISTENT_EPISODE
2013-12-01,FGOALS-g3,r1i1p1f1,27.904039,26.964451,0.939588,0.621669,0.596899,1,EL_NINO
2014-01-01,FGOALS-g3,r1i1p1f1,28.036083,26.950704,1.085379,0.765799,0.723618,1,EL_NINO
2014-02-01,FGOALS-g3,r1i1p1f1,28.096144,26.991518,1.104626,0.783386,0.723877,1,EL_NINO
2014-03-01,FGOALS-g3,r1i1p1f1,28.138603,27.193257,0.945347,0.622447,0.669449,1,EL_NINO
2014-04-01,FGOALS-g3,r1i1p1f1,28.430403,27.503328,0.927075,0.602515,0.625227,1,EL_NINO
2014-05-01,FGOALS-g3,r1i1p1f1,28.623194,27.646255,0.976938,0.650718,0.661724,1,EL_NINO
2014-06-01,FGOALS-g3,r1i1p1f1,28.445265,27.385446,1.059819,0.731938,0.738667,1,EL_NINO
2014-07-01,FGOALS-g3,r1i1p1f1,28.055037,26.892150,1.162887,0.833346,0.846784,1,EL_NINO
2014-08-01,FGOALS-g3,r1i1p1f1,27.774117,26.467848,1.306269,0.975068,0.783333,1,EL_NINO
2014-09-01,FGOALS-g3,r1i1p1f1,27.336426,26.461978,0.874447,0.541586,0.536583,1,EL_NINO
2014-10-01,FGOALS-g3,r1i1p1f1,27.193621,26.766004,0.427617,0.093096,0.175501,0,NO_PERSISTENT_EPISODE
2014-11-01,FGOALS-g3,r1i1p1f1,27.190357,26.962354,0.228004,-0.108178,-0.109426,0,NO_PERSISTENT_EPISODE
2014-12-01,FGOALS-g3,r1i1p1f1,26.989096,26.964451,0.024645,-0.313197,,0,NO_PERSISTENT_EPISODE
