Dataset,Station,Year,n_expected_days,n_observed_records,n_valid,completeness_pct,missing_days,status,N_records,N_valid,N_missing,Missing_pct,Min_valid,Max_valid,Median_valid,Mean_valid,Start_date,End_date,Missing_calendar_dates,Status
Observed,465001,1981.0,365.0,365.0,365.0,100.0,0.0,OK,,,,,,,,,,,,
Observed,465001,1982.0,365.0,365.0,365.0,100.0,0.0,OK,,,,,,,,,,,,
Observed,465001,1983.0,365.0,365.0,365.0,100.0,0.0,OK,,,,,,,,,,,,
Observed,465001,1984.0,366.0,366.0,366.0,100.0,0.0,OK,,,,,,,,,,,,
Observed,465001,1985.0,365.0,365.0,365.0,100.0,0.0,OK,,,,,,,,,,,,
Observed,465001,1986.0,365.0,365.0,365.0,100.0,0.0,OK,,,,,,,,,,,,
Observed,465001,1987.0,365.0,365.0,365.0,100.0,0.0,OK,,,,,,,,,,,,
Observed,465001,1988.0,366.0,366.0,366.0,100.0,0.0,OK,,,,,,,,,,,,
Observed,465001,1989.0,365.0,365.0,365.0,100.0,0.0,OK,,,,,,,,,,,,
Observed,465001,1990.0,365.0,365.0,365.0,100.0,0.0,OK,,,,,,,,,,,,
Observed,465001,1991.0,365.0,365.0,365.0,100.0,0.0,OK,,,,,,,,,,,,
Observed,465001,1992.0,366.0,366.0,366.0,100.0,0.0,OK,,,,,,,,,,,,
Observed,465001,1993.0,365.0,365.0,365.0,100.0,0.0,OK,,,,,,,,,,,,
Observed,465001,1994.0,365.0,365.0,365.0,100.0,0.0,OK,,,,,,,,,,,,
Observed,465001,1995.0,365.0,365.0,365.0,100.0,0.0,OK,,,,,,,,,,,,
Observed,465001,1996.0,366.0,366.0,366.0,100.0,0.0,OK,,,,,,,,,,,,
Observed,465001,1997.0,365.0,365.0,365.0,100.0,0.0,OK,,,,,,,,,,,,
Observed,465001,1998.0,365.0,365.0,365.0,100.0,0.0,OK,,,,,,,,,,,,
Observed,465001,1999.0,365.0,365.0,365.0,100.0,0.0,OK,,,,,,,,,,,,
Observed,465001,2000.0,366.0,366.0,366.0,100.0,0.0,OK,,,,,,,,,,,,
Observed,465001,2001.0,365.0,365.0,365.0,100.0,0.0,OK,,,,,,,,,,,,
Observed,465001,2002.0,365.0,365.0,365.0,100.0,0.0,OK,,,,,,,,,,,,
Observed,465001,2003.0,365.0,365.0,365.0,100.0,0.0,OK,,,,,,,,,,,,
Observed,465001,2004.0,366.0,366.0,366.0,100.0,0.0,OK,,,,,,,,,,,,
Observed,465001,2005.0,365.0,365.0,365.0,100.0,0.0,OK,,,,,,,,,,,,
Observed,465001,2006.0,365.0,365.0,365.0,100.0,0.0,OK,,,,,,,,,,,,
Observed,465001,2007.0,365.0,365.0,365.0,100.0,0.0,OK,,,,,,,,,,,,
Observed,465001,2008.0,366.0,366.0,366.0,100.0,0.0,OK,,,,,,,,,,,,
Observed,465001,2009.0,365.0,365.0,365.0,100.0,0.0,OK,,,,,,,,,,,,
Observed,465001,2010.0,365.0,365.0,365.0,100.0,0.0,OK,,,,,,,,,,,,
Observed,465001,2011.0,365.0,365.0,365.0,100.0,0.0,OK,,,,,,,,,,,,
Observed,465001,2012.0,366.0,366.0,366.0,100.0,0.0,OK,,,,,,,,,,,,
Observed,465001,2013.0,365.0,365.0,365.0,100.0,0.0,OK,,,,,,,,,,,,
Observed,465001,2014.0,365.0,365.0,365.0,100.0,0.0,OK,,,,,,,,,,,,
Observed,465002,1981.0,365.0,365.0,365.0,100.0,0.0,OK,,,,,,,,,,,,
Observed,465002,1982.0,365.0,365.0,365.0,100.0,0.0,OK,,,,,,,,,,,,
Observed,465002,1983.0,365.0,365.0,365.0,100.0,0.0,OK,,,,,,,,,,,,
Observed,465002,1984.0,366.0,366.0,366.0,100.0,0.0,OK,,,,,,,,,,,,
Observed,465002,1985.0,365.0,365.0,365.0,100.0,0.0,OK,,,,,,,,,,,,
Observed,465002,1986.0,365.0,365.0,365.0,100.0,0.0,OK,,,,,,,,,,,,
Observed,465002,1987.0,365.0,365.0,365.0,100.0,0.0,OK,,,,,,,,,,,,
Observed,465002,1988.0,366.0,366.0,366.0,100.0,0.0,OK,,,,,,,,,,,,
Observed,465002,1989.0,365.0,365.0,365.0,100.0,0.0,OK,,,,,,,,,,,,
Observed,465002,1990.0,365.0,365.0,365.0,100.0,0.0,OK,,,,,,,,,,,,
Observed,465002,1991.0,365.0,365.0,365.0,100.0,0.0,OK,,,,,,,,,,,,
Observed,465002,1992.0,366.0,366.0,366.0,100.0,0.0,OK,,,,,,,,,,,,
Observed,465002,1993.0,365.0,365.0,365.0,100.0,0.0,OK,,,,,,,,,,,,
Observed,465002,1994.0,365.0,365.0,365.0,100.0,0.0,OK,,,,,,,,,,,,
Observed,465002,1995.0,365.0,365.0,365.0,100.0,0.0,OK,,,,,,,,,,,,
Observed,465002,1996.0,366.0,366.0,366.0,100.0,0.0,OK,,,,,,,,,,,,
Observed,465002,1997.0,365.0,365.0,365.0,100.0,0.0,OK,,,,,,,,,,,,
Observed,465002,1998.0,365.0,365.0,365.0,100.0,0.0,OK,,,,,,,,,,,,
Observed,465002,1999.0,365.0,365.0,365.0,100.0,0.0,OK,,,,,,,,,,,,
Observed,465002,2000.0,366.0,366.0,366.0,100.0,0.0,OK,,,,,,,,,,,,
Observed,465002,2001.0,365.0,365.0,365.0,100.0,0.0,OK,,,,,,,,,,,,
Observed,465002,2002.0,365.0,365.0,365.0,100.0,0.0,OK,,,,,,,,,,,,
Observed,465002,2003.0,365.0,365.0,365.0,100.0,0.0,OK,,,,,,,,,,,,
Observed,465002,2004.0,366.0,366.0,366.0,100.0,0.0,OK,,,,,,,,,,,,
Observed,465002,2005.0,365.0,365.0,365.0,100.0,0.0,OK,,,,,,,,,,,,
Observed,465002,2006.0,365.0,365.0,365.0,100.0,0.0,OK,,,,,,,,,,,,
Observed,465002,2007.0,365.0,365.0,365.0,100.0,0.0,OK,,,,,,,,,,,,
Observed,465002,2008.0,366.0,366.0,366.0,100.0,0.0,OK,,,,,,,,,,,,
Observed,465002,2009.0,365.0,365.0,365.0,100.0,0.0,OK,,,,,,,,,,,,
Observed,465002,2010.0,365.0,365.0,365.0,100.0,0.0,OK,,,,,,,,,,,,
Observed,465002,2011.0,365.0,365.0,365.0,100.0,0.0,OK,,,,,,,,,,,,
Observed,465002,2012.0,366.0,366.0,366.0,100.0,0.0,OK,,,,,,,,,,,,
Observed,465002,2013.0,365.0,365.0,365.0,100.0,0.0,OK,,,,,,,,,,,,
Observed,465002,2014.0,365.0,365.0,365.0,100.0,0.0,OK,,,,,,,,,,,,
Observed,465003,1981.0,365.0,365.0,365.0,100.0,0.0,OK,,,,,,,,,,,,
Observed,465003,1982.0,365.0,365.0,365.0,100.0,0.0,OK,,,,,,,,,,,,
Observed,465003,1983.0,365.0,365.0,365.0,100.0,0.0,OK,,,,,,,,,,,,
Observed,465003,1984.0,366.0,366.0,366.0,100.0,0.0,OK,,,,,,,,,,,,
Observed,465003,1985.0,365.0,365.0,365.0,100.0,0.0,OK,,,,,,,,,,,,
Observed,465003,1986.0,365.0,365.0,365.0,100.0,0.0,OK,,,,,,,,,,,,
Observed,465003,1987.0,365.0,365.0,365.0,100.0,0.0,OK,,,,,,,,,,,,
Observed,465003,1988.0,366.0,366.0,366.0,100.0,0.0,OK,,,,,,,,,,,,
Observed,465003,1989.0,365.0,365.0,365.0,100.0,0.0,OK,,,,,,,,,,,,
Observed,465003,1990.0,365.0,365.0,365.0,100.0,0.0,OK,,,,,,,,,,,,
Observed,465003,1991.0,365.0,365.0,365.0,100.0,0.0,OK,,,,,,,,,,,,
Observed,465003,1992.0,366.0,366.0,366.0,100.0,0.0,OK,,,,,,,,,,,,
Observed,465003,1993.0,365.0,365.0,365.0,100.0,0.0,OK,,,,,,,,,,,,
Observed,465003,1994.0,365.0,365.0,365.0,100.0,0.0,OK,,,,,,,,,,,,
Observed,465003,1995.0,365.0,365.0,365.0,100.0,0.0,OK,,,,,,,,,,,,
Observed,465003,1996.0,366.0,366.0,366.0,100.0,0.0,OK,,,,,,,,,,,,
Observed,465003,1997.0,365.0,365.0,365.0,100.0,0.0,OK,,,,,,,,,,,,
Observed,465003,1998.0,365.0,365.0,365.0,100.0,0.0,OK,,,,,,,,,,,,
Observed,465003,1999.0,365.0,365.0,365.0,100.0,0.0,OK,,,,,,,,,,,,
Observed,465003,2000.0,366.0,366.0,366.0,100.0,0.0,OK,,,,,,,,,,,,
Observed,465003,2001.0,365.0,365.0,365.0,100.0,0.0,OK,,,,,,,,,,,,
Observed,465003,2002.0,365.0,365.0,365.0,100.0,0.0,OK,,,,,,,,,,,,
Observed,465003,2003.0,365.0,365.0,365.0,100.0,0.0,OK,,,,,,,,,,,,
Observed,465003,2004.0,366.0,366.0,366.0,100.0,0.0,OK,,,,,,,,,,,,
Observed,465003,2005.0,365.0,365.0,365.0,100.0,0.0,OK,,,,,,,,,,,,
Observed,465003,2006.0,365.0,365.0,365.0,100.0,0.0,OK,,,,,,,,,,,,
Observed,465003,2007.0,365.0,365.0,365.0,100.0,0.0,OK,,,,,,,,,,,,
Observed,465003,2008.0,366.0,366.0,366.0,100.0,0.0,OK,,,,,,,,,,,,
Observed,465003,2009.0,365.0,365.0,365.0,100.0,0.0,OK,,,,,,,,,,,,
Observed,465003,2010.0,365.0,365.0,365.0,100.0,0.0,OK,,,,,,,,,,,,
Observed,465003,2011.0,365.0,365.0,365.0,100.0,0.0,OK,,,,,,,,,,,,
Observed,465003,2012.0,366.0,366.0,366.0,100.0,0.0,OK,,,,,,,,,,,,
Observed,465003,2013.0,365.0,365.0,365.0,100.0,0.0,OK,,,,,,,,,,,,
Observed,465003,2014.0,365.0,365.0,365.0,100.0,0.0,OK,,,,,,,,,,,,
Observed,465004,1981.0,365.0,365.0,365.0,100.0,0.0,OK,,,,,,,,,,,,
Observed,465004,1982.0,365.0,365.0,365.0,100.0,0.0,OK,,,,,,,,,,,,
Observed,465004,1983.0,365.0,365.0,365.0,100.0,0.0,OK,,,,,,,,,,,,
Observed,465004,1984.0,366.0,366.0,366.0,100.0,0.0,OK,,,,,,,,,,,,
Observed,465004,1985.0,365.0,365.0,365.0,100.0,0.0,OK,,,,,,,,,,,,
Observed,465004,1986.0,365.0,365.0,365.0,100.0,0.0,OK,,,,,,,,,,,,
Observed,465004,1987.0,365.0,365.0,365.0,100.0,0.0,OK,,,,,,,,,,,,
Observed,465004,1988.0,366.0,366.0,366.0,100.0,0.0,OK,,,,,,,,,,,,
Observed,465004,1989.0,365.0,365.0,365.0,100.0,0.0,OK,,,,,,,,,,,,
Observed,465004,1990.0,365.0,365.0,365.0,100.0,0.0,OK,,,,,,,,,,,,
Observed,465004,1991.0,365.0,365.0,365.0,100.0,0.0,OK,,,,,,,,,,,,
Observed,465004,1992.0,366.0,366.0,366.0,100.0,0.0,OK,,,,,,,,,,,,
Observed,465004,1993.0,365.0,365.0,365.0,100.0,0.0,OK,,,,,,,,,,,,
Observed,465004,1994.0,365.0,365.0,365.0,100.0,0.0,OK,,,,,,,,,,,,
Observed,465004,1995.0,365.0,365.0,365.0,100.0,0.0,OK,,,,,,,,,,,,
Observed,465004,1996.0,366.0,366.0,366.0,100.0,0.0,OK,,,,,,,,,,,,
Observed,465004,1997.0,365.0,365.0,365.0,100.0,0.0,OK,,,,,,,,,,,,
Observed,465004,1998.0,365.0,365.0,365.0,100.0,0.0,OK,,,,,,,,,,,,
Observed,465004,1999.0,365.0,365.0,365.0,100.0,0.0,OK,,,,,,,,,,,,
Observed,465004,2000.0,366.0,366.0,366.0,100.0,0.0,OK,,,,,,,,,,,,
Observed,465004,2001.0,365.0,365.0,365.0,100.0,0.0,OK,,,,,,,,,,,,
Observed,465004,2002.0,365.0,365.0,365.0,100.0,0.0,OK,,,,,,,,,,,,
Observed,465004,2003.0,365.0,365.0,365.0,100.0,0.0,OK,,,,,,,,,,,,
Observed,465004,2004.0,366.0,366.0,366.0,100.0,0.0,OK,,,,,,,,,,,,
Observed,465004,2005.0,365.0,365.0,365.0,100.0,0.0,OK,,,,,,,,,,,,
Observed,465004,2006.0,365.0,365.0,365.0,100.0,0.0,OK,,,,,,,,,,,,
Observed,465004,2007.0,365.0,365.0,365.0,100.0,0.0,OK,,,,,,,,,,,,
Observed,465004,2008.0,366.0,366.0,366.0,100.0,0.0,OK,,,,,,,,,,,,
Observed,465004,2009.0,365.0,365.0,365.0,100.0,0.0,OK,,,,,,,,,,,,
Observed,465004,2010.0,365.0,365.0,365.0,100.0,0.0,OK,,,,,,,,,,,,
Observed,465004,2011.0,365.0,365.0,365.0,100.0,0.0,OK,,,,,,,,,,,,
Observed,465004,2012.0,366.0,366.0,366.0,100.0,0.0,OK,,,,,,,,,,,,
Observed,465004,2013.0,365.0,365.0,365.0,100.0,0.0,OK,,,,,,,,,,,,
Observed,465004,2014.0,365.0,365.0,365.0,100.0,0.0,OK,,,,,,,,,,,,
Observed,465005,1981.0,365.0,365.0,365.0,100.0,0.0,OK,,,,,,,,,,,,
Observed,465005,1982.0,365.0,365.0,365.0,100.0,0.0,OK,,,,,,,,,,,,
Observed,465005,1983.0,365.0,365.0,365.0,100.0,0.0,OK,,,,,,,,,,,,
Observed,465005,1984.0,366.0,366.0,366.0,100.0,0.0,OK,,,,,,,,,,,,
Observed,465005,1985.0,365.0,365.0,365.0,100.0,0.0,OK,,,,,,,,,,,,
Observed,465005,1986.0,365.0,365.0,365.0,100.0,0.0,OK,,,,,,,,,,,,
Observed,465005,1987.0,365.0,365.0,365.0,100.0,0.0,OK,,,,,,,,,,,,
Observed,465005,1988.0,366.0,366.0,366.0,100.0,0.0,OK,,,,,,,,,,,,
Observed,465005,1989.0,365.0,365.0,365.0,100.0,0.0,OK,,,,,,,,,,,,
Observed,465005,1990.0,365.0,365.0,365.0,100.0,0.0,OK,,,,,,,,,,,,
Observed,465005,1991.0,365.0,365.0,365.0,100.0,0.0,OK,,,,,,,,,,,,
Observed,465005,1992.0,366.0,366.0,366.0,100.0,0.0,OK,,,,,,,,,,,,
Observed,465005,1993.0,365.0,365.0,365.0,100.0,0.0,OK,,,,,,,,,,,,
Observed,465005,1994.0,365.0,365.0,365.0,100.0,0.0,OK,,,,,,,,,,,,
Observed,465005,1995.0,365.0,365.0,365.0,100.0,0.0,OK,,,,,,,,,,,,
Observed,465005,1996.0,366.0,366.0,366.0,100.0,0.0,OK,,,,,,,,,,,,
Observed,465005,1997.0,365.0,365.0,365.0,100.0,0.0,OK,,,,,,,,,,,,
Observed,465005,1998.0,365.0,365.0,365.0,100.0,0.0,OK,,,,,,,,,,,,
Observed,465005,1999.0,365.0,365.0,365.0,100.0,0.0,OK,,,,,,,,,,,,
Observed,465005,2000.0,366.0,366.0,366.0,100.0,0.0,OK,,,,,,,,,,,,
Observed,465005,2001.0,365.0,365.0,365.0,100.0,0.0,OK,,,,,,,,,,,,
Observed,465005,2002.0,365.0,365.0,365.0,100.0,0.0,OK,,,,,,,,,,,,
Observed,465005,2003.0,365.0,365.0,365.0,100.0,0.0,OK,,,,,,,,,,,,
Observed,465005,2004.0,366.0,366.0,366.0,100.0,0.0,OK,,,,,,,,,,,,
Observed,465005,2005.0,365.0,365.0,365.0,100.0,0.0,OK,,,,,,,,,,,,
Observed,465005,2006.0,365.0,365.0,365.0,100.0,0.0,OK,,,,,,,,,,,,
Observed,465005,2007.0,365.0,365.0,365.0,100.0,0.0,OK,,,,,,,,,,,,
Observed,465005,2008.0,366.0,366.0,366.0,100.0,0.0,OK,,,,,,,,,,,,
Observed,465005,2009.0,365.0,365.0,365.0,100.0,0.0,OK,,,,,,,,,,,,
Observed,465005,2010.0,365.0,365.0,365.0,100.0,0.0,OK,,,,,,,,,,,,
Observed,465005,2011.0,365.0,365.0,365.0,100.0,0.0,OK,,,,,,,,,,,,
Observed,465005,2012.0,366.0,366.0,366.0,100.0,0.0,OK,,,,,,,,,,,,
Observed,465005,2013.0,365.0,365.0,365.0,100.0,0.0,OK,,,,,,,,,,,,
Observed,465005,2014.0,365.0,365.0,365.0,100.0,0.0,OK,,,,,,,,,,,,
Observed,465006,1981.0,365.0,365.0,365.0,100.0,0.0,OK,,,,,,,,,,,,
Observed,465006,1982.0,365.0,365.0,365.0,100.0,0.0,OK,,,,,,,,,,,,
Observed,465006,1983.0,365.0,365.0,365.0,100.0,0.0,OK,,,,,,,,,,,,
Observed,465006,1984.0,366.0,366.0,366.0,100.0,0.0,OK,,,,,,,,,,,,
Observed,465006,1985.0,365.0,365.0,365.0,100.0,0.0,OK,,,,,,,,,,,,
Observed,465006,1986.0,365.0,365.0,365.0,100.0,0.0,OK,,,,,,,,,,,,
Observed,465006,1987.0,365.0,365.0,365.0,100.0,0.0,OK,,,,,,,,,,,,
Observed,465006,1988.0,366.0,366.0,366.0,100.0,0.0,OK,,,,,,,,,,,,
Observed,465006,1989.0,365.0,365.0,365.0,100.0,0.0,OK,,,,,,,,,,,,
Observed,465006,1990.0,365.0,365.0,365.0,100.0,0.0,OK,,,,,,,,,,,,
Observed,465006,1991.0,365.0,365.0,365.0,100.0,0.0,OK,,,,,,,,,,,,
Observed,465006,1992.0,366.0,366.0,366.0,100.0,0.0,OK,,,,,,,,,,,,
Observed,465006,1993.0,365.0,365.0,365.0,100.0,0.0,OK,,,,,,,,,,,,
Observed,465006,1994.0,365.0,365.0,365.0,100.0,0.0,OK,,,,,,,,,,,,
Observed,465006,1995.0,365.0,365.0,365.0,100.0,0.0,OK,,,,,,,,,,,,
Observed,465006,1996.0,366.0,366.0,366.0,100.0,0.0,OK,,,,,,,,,,,,
Observed,465006,1997.0,365.0,365.0,365.0,100.0,0.0,OK,,,,,,,,,,,,
Observed,465006,1998.0,365.0,365.0,365.0,100.0,0.0,OK,,,,,,,,,,,,
Observed,465006,1999.0,365.0,365.0,365.0,100.0,0.0,OK,,,,,,,,,,,,
Observed,465006,2000.0,366.0,366.0,366.0,100.0,0.0,OK,,,,,,,,,,,,
Observed,465006,2001.0,365.0,365.0,365.0,100.0,0.0,OK,,,,,,,,,,,,
Observed,465006,2002.0,365.0,365.0,365.0,100.0,0.0,OK,,,,,,,,,,,,
Observed,465006,2003.0,365.0,365.0,365.0,100.0,0.0,OK,,,,,,,,,,,,
Observed,465006,2004.0,366.0,366.0,366.0,100.0,0.0,OK,,,,,,,,,,,,
Observed,465006,2005.0,365.0,365.0,365.0,100.0,0.0,OK,,,,,,,,,,,,
Observed,465006,2006.0,365.0,365.0,365.0,100.0,0.0,OK,,,,,,,,,,,,
Observed,465006,2007.0,365.0,365.0,365.0,100.0,0.0,OK,,,,,,,,,,,,
Observed,465006,2008.0,366.0,366.0,366.0,100.0,0.0,OK,,,,,,,,,,,,
Observed,465006,2009.0,365.0,365.0,365.0,100.0,0.0,OK,,,,,,,,,,,,
Observed,465006,2010.0,365.0,365.0,365.0,100.0,0.0,OK,,,,,,,,,,,,
Observed,465006,2011.0,365.0,365.0,365.0,100.0,0.0,OK,,,,,,,,,,,,
Observed,465006,2012.0,366.0,366.0,366.0,100.0,0.0,OK,,,,,,,,,,,,
Observed,465006,2013.0,365.0,365.0,365.0,100.0,0.0,OK,,,,,,,,,,,,
Observed,465006,2014.0,365.0,365.0,365.0,100.0,0.0,OK,,,,,,,,,,,,
Observed,465007,1981.0,365.0,365.0,365.0,100.0,0.0,OK,,,,,,,,,,,,
Observed,465007,1982.0,365.0,365.0,365.0,100.0,0.0,OK,,,,,,,,,,,,
Observed,465007,1983.0,365.0,365.0,365.0,100.0,0.0,OK,,,,,,,,,,,,
Observed,465007,1984.0,366.0,366.0,366.0,100.0,0.0,OK,,,,,,,,,,,,
Observed,465007,1985.0,365.0,365.0,365.0,100.0,0.0,OK,,,,,,,,,,,,
Observed,465007,1986.0,365.0,365.0,365.0,100.0,0.0,OK,,,,,,,,,,,,
Observed,465007,1987.0,365.0,365.0,365.0,100.0,0.0,OK,,,,,,,,,,,,
Observed,465007,1988.0,366.0,366.0,366.0,100.0,0.0,OK,,,,,,,,,,,,
Observed,465007,1989.0,365.0,365.0,365.0,100.0,0.0,OK,,,,,,,,,,,,
Observed,465007,1990.0,365.0,365.0,365.0,100.0,0.0,OK,,,,,,,,,,,,
Observed,465007,1991.0,365.0,365.0,365.0,100.0,0.0,OK,,,,,,,,,,,,
Observed,465007,1992.0,366.0,366.0,366.0,100.0,0.0,OK,,,,,,,,,,,,
Observed,465007,1993.0,365.0,365.0,365.0,100.0,0.0,OK,,,,,,,,,,,,
Observed,465007,1994.0,365.0,365.0,365.0,100.0,0.0,OK,,,,,,,,,,,,
Observed,465007,1995.0,365.0,365.0,365.0,100.0,0.0,OK,,,,,,,,,,,,
Observed,465007,1996.0,366.0,366.0,366.0,100.0,0.0,OK,,,,,,,,,,,,
Observed,465007,1997.0,365.0,365.0,365.0,100.0,0.0,OK,,,,,,,,,,,,
Observed,465007,1998.0,365.0,365.0,365.0,100.0,0.0,OK,,,,,,,,,,,,
Observed,465007,1999.0,365.0,365.0,365.0,100.0,0.0,OK,,,,,,,,,,,,
Observed,465007,2000.0,366.0,366.0,366.0,100.0,0.0,OK,,,,,,,,,,,,
Observed,465007,2001.0,365.0,365.0,365.0,100.0,0.0,OK,,,,,,,,,,,,
Observed,465007,2002.0,365.0,365.0,365.0,100.0,0.0,OK,,,,,,,,,,,,
Observed,465007,2003.0,365.0,365.0,365.0,100.0,0.0,OK,,,,,,,,,,,,
Observed,465007,2004.0,366.0,366.0,366.0,100.0,0.0,OK,,,,,,,,,,,,
Observed,465007,2005.0,365.0,365.0,365.0,100.0,0.0,OK,,,,,,,,,,,,
Observed,465007,2006.0,365.0,365.0,365.0,100.0,0.0,OK,,,,,,,,,,,,
Observed,465007,2007.0,365.0,365.0,365.0,100.0,0.0,OK,,,,,,,,,,,,
Observed,465007,2008.0,366.0,366.0,366.0,100.0,0.0,OK,,,,,,,,,,,,
Observed,465007,2009.0,365.0,365.0,365.0,100.0,0.0,OK,,,,,,,,,,,,
Observed,465007,2010.0,365.0,365.0,365.0,100.0,0.0,OK,,,,,,,,,,,,
Observed,465007,2011.0,365.0,365.0,365.0,100.0,0.0,OK,,,,,,,,,,,,
Observed,465007,2012.0,366.0,366.0,366.0,100.0,0.0,OK,,,,,,,,,,,,
Observed,465007,2013.0,365.0,365.0,365.0,100.0,0.0,OK,,,,,,,,,,,,
Observed,465007,2014.0,365.0,365.0,365.0,100.0,0.0,OK,,,,,,,,,,,,
Observed,465008,1981.0,365.0,365.0,365.0,100.0,0.0,OK,,,,,,,,,,,,
Observed,465008,1982.0,365.0,365.0,365.0,100.0,0.0,OK,,,,,,,,,,,,
Observed,465008,1983.0,365.0,365.0,365.0,100.0,0.0,OK,,,,,,,,,,,,
Observed,465008,1984.0,366.0,366.0,366.0,100.0,0.0,OK,,,,,,,,,,,,
Observed,465008,1985.0,365.0,365.0,365.0,100.0,0.0,OK,,,,,,,,,,,,
Observed,465008,1986.0,365.0,365.0,365.0,100.0,0.0,OK,,,,,,,,,,,,
Observed,465008,1987.0,365.0,365.0,365.0,100.0,0.0,OK,,,,,,,,,,,,
Observed,465008,1988.0,366.0,366.0,366.0,100.0,0.0,OK,,,,,,,,,,,,
Observed,465008,1989.0,365.0,365.0,365.0,100.0,0.0,OK,,,,,,,,,,,,
Observed,465008,1990.0,365.0,365.0,365.0,100.0,0.0,OK,,,,,,,,,,,,
Observed,465008,1991.0,365.0,365.0,365.0,100.0,0.0,OK,,,,,,,,,,,,
Observed,465008,1992.0,366.0,366.0,366.0,100.0,0.0,OK,,,,,,,,,,,,
Observed,465008,1993.0,365.0,365.0,365.0,100.0,0.0,OK,,,,,,,,,,,,
Observed,465008,1994.0,365.0,365.0,365.0,100.0,0.0,OK,,,,,,,,,,,,
Observed,465008,1995.0,365.0,365.0,365.0,100.0,0.0,OK,,,,,,,,,,,,
Observed,465008,1996.0,366.0,366.0,366.0,100.0,0.0,OK,,,,,,,,,,,,
Observed,465008,1997.0,365.0,365.0,365.0,100.0,0.0,OK,,,,,,,,,,,,
Observed,465008,1998.0,365.0,365.0,365.0,100.0,0.0,OK,,,,,,,,,,,,
Observed,465008,1999.0,365.0,365.0,365.0,100.0,0.0,OK,,,,,,,,,,,,
Observed,465008,2000.0,366.0,366.0,366.0,100.0,0.0,OK,,,,,,,,,,,,
Observed,465008,2001.0,365.0,365.0,365.0,100.0,0.0,OK,,,,,,,,,,,,
Observed,465008,2002.0,365.0,365.0,365.0,100.0,0.0,OK,,,,,,,,,,,,
Observed,465008,2003.0,365.0,365.0,365.0,100.0,0.0,OK,,,,,,,,,,,,
Observed,465008,2004.0,366.0,366.0,366.0,100.0,0.0,OK,,,,,,,,,,,,
Observed,465008,2005.0,365.0,365.0,365.0,100.0,0.0,OK,,,,,,,,,,,,
Observed,465008,2006.0,365.0,365.0,365.0,100.0,0.0,OK,,,,,,,,,,,,
Observed,465008,2007.0,365.0,365.0,365.0,100.0,0.0,OK,,,,,,,,,,,,
Observed,465008,2008.0,366.0,366.0,366.0,100.0,0.0,OK,,,,,,,,,,,,
Observed,465008,2009.0,365.0,365.0,365.0,100.0,0.0,OK,,,,,,,,,,,,
Observed,465008,2010.0,365.0,365.0,365.0,100.0,0.0,OK,,,,,,,,,,,,
Observed,465008,2011.0,365.0,365.0,365.0,100.0,0.0,OK,,,,,,,,,,,,
Observed,465008,2012.0,366.0,366.0,366.0,100.0,0.0,OK,,,,,,,,,,,,
Observed,465008,2013.0,365.0,365.0,365.0,100.0,0.0,OK,,,,,,,,,,,,
Observed,465008,2014.0,365.0,365.0,365.0,100.0,0.0,OK,,,,,,,,,,,,
Observed,465009,1981.0,365.0,365.0,365.0,100.0,0.0,OK,,,,,,,,,,,,
Observed,465009,1982.0,365.0,365.0,365.0,100.0,0.0,OK,,,,,,,,,,,,
Observed,465009,1983.0,365.0,365.0,365.0,100.0,0.0,OK,,,,,,,,,,,,
Observed,465009,1984.0,366.0,366.0,366.0,100.0,0.0,OK,,,,,,,,,,,,
Observed,465009,1985.0,365.0,365.0,365.0,100.0,0.0,OK,,,,,,,,,,,,
Observed,465009,1986.0,365.0,365.0,365.0,100.0,0.0,OK,,,,,,,,,,,,
Observed,465009,1987.0,365.0,365.0,365.0,100.0,0.0,OK,,,,,,,,,,,,
Observed,465009,1988.0,366.0,366.0,366.0,100.0,0.0,OK,,,,,,,,,,,,
Observed,465009,1989.0,365.0,365.0,365.0,100.0,0.0,OK,,,,,,,,,,,,
Observed,465009,1990.0,365.0,365.0,365.0,100.0,0.0,OK,,,,,,,,,,,,
Observed,465009,1991.0,365.0,365.0,365.0,100.0,0.0,OK,,,,,,,,,,,,
Observed,465009,1992.0,366.0,366.0,366.0,100.0,0.0,OK,,,,,,,,,,,,
Observed,465009,1993.0,365.0,365.0,365.0,100.0,0.0,OK,,,,,,,,,,,,
Observed,465009,1994.0,365.0,365.0,365.0,100.0,0.0,OK,,,,,,,,,,,,
Observed,465009,1995.0,365.0,365.0,365.0,100.0,0.0,OK,,,,,,,,,,,,
Observed,465009,1996.0,366.0,366.0,366.0,100.0,0.0,OK,,,,,,,,,,,,
Observed,465009,1997.0,365.0,365.0,365.0,100.0,0.0,OK,,,,,,,,,,,,
Observed,465009,1998.0,365.0,365.0,365.0,100.0,0.0,OK,,,,,,,,,,,,
Observed,465009,1999.0,365.0,365.0,365.0,100.0,0.0,OK,,,,,,,,,,,,
Observed,465009,2000.0,366.0,366.0,366.0,100.0,0.0,OK,,,,,,,,,,,,
Observed,465009,2001.0,365.0,365.0,365.0,100.0,0.0,OK,,,,,,,,,,,,
Observed,465009,2002.0,365.0,365.0,365.0,100.0,0.0,OK,,,,,,,,,,,,
Observed,465009,2003.0,365.0,365.0,365.0,100.0,0.0,OK,,,,,,,,,,,,
Observed,465009,2004.0,366.0,366.0,366.0,100.0,0.0,OK,,,,,,,,,,,,
Observed,465009,2005.0,365.0,365.0,365.0,100.0,0.0,OK,,,,,,,,,,,,
Observed,465009,2006.0,365.0,365.0,365.0,100.0,0.0,OK,,,,,,,,,,,,
Observed,465009,2007.0,365.0,365.0,365.0,100.0,0.0,OK,,,,,,,,,,,,
Observed,465009,2008.0,366.0,366.0,366.0,100.0,0.0,OK,,,,,,,,,,,,
Observed,465009,2009.0,365.0,365.0,365.0,100.0,0.0,OK,,,,,,,,,,,,
Observed,465009,2010.0,365.0,365.0,365.0,100.0,0.0,OK,,,,,,,,,,,,
Observed,465009,2011.0,365.0,365.0,365.0,100.0,0.0,OK,,,,,,,,,,,,
Observed,465009,2012.0,366.0,366.0,366.0,100.0,0.0,OK,,,,,,,,,,,,
Observed,465009,2013.0,365.0,365.0,365.0,100.0,0.0,OK,,,,,,,,,,,,
Observed,465009,2014.0,365.0,365.0,365.0,100.0,0.0,OK,,,,,,,,,,,,
Observed,465010,1981.0,365.0,365.0,365.0,100.0,0.0,OK,,,,,,,,,,,,
Observed,465010,1982.0,365.0,365.0,365.0,100.0,0.0,OK,,,,,,,,,,,,
Observed,465010,1983.0,365.0,365.0,365.0,100.0,0.0,OK,,,,,,,,,,,,
Observed,465010,1984.0,366.0,366.0,366.0,100.0,0.0,OK,,,,,,,,,,,,
Observed,465010,1985.0,365.0,365.0,365.0,100.0,0.0,OK,,,,,,,,,,,,
Observed,465010,1986.0,365.0,365.0,365.0,100.0,0.0,OK,,,,,,,,,,,,
Observed,465010,1987.0,365.0,365.0,365.0,100.0,0.0,OK,,,,,,,,,,,,
Observed,465010,1988.0,366.0,366.0,366.0,100.0,0.0,OK,,,,,,,,,,,,
Observed,465010,1989.0,365.0,365.0,365.0,100.0,0.0,OK,,,,,,,,,,,,
Observed,465010,1990.0,365.0,365.0,365.0,100.0,0.0,OK,,,,,,,,,,,,
Observed,465010,1991.0,365.0,365.0,365.0,100.0,0.0,OK,,,,,,,,,,,,
Observed,465010,1992.0,366.0,366.0,366.0,100.0,0.0,OK,,,,,,,,,,,,
Observed,465010,1993.0,365.0,365.0,365.0,100.0,0.0,OK,,,,,,,,,,,,
Observed,465010,1994.0,365.0,365.0,365.0,100.0,0.0,OK,,,,,,,,,,,,
Observed,465010,1995.0,365.0,365.0,365.0,100.0,0.0,OK,,,,,,,,,,,,
Observed,465010,1996.0,366.0,366.0,366.0,100.0,0.0,OK,,,,,,,,,,,,
Observed,465010,1997.0,365.0,365.0,365.0,100.0,0.0,OK,,,,,,,,,,,,
Observed,465010,1998.0,365.0,365.0,365.0,100.0,0.0,OK,,,,,,,,,,,,
Observed,465010,1999.0,365.0,365.0,365.0,100.0,0.0,OK,,,,,,,,,,,,
Observed,465010,2000.0,366.0,366.0,366.0,100.0,0.0,OK,,,,,,,,,,,,
Observed,465010,2001.0,365.0,365.0,365.0,100.0,0.0,OK,,,,,,,,,,,,
Observed,465010,2002.0,365.0,365.0,365.0,100.0,0.0,OK,,,,,,,,,,,,
Observed,465010,2003.0,365.0,365.0,365.0,100.0,0.0,OK,,,,,,,,,,,,
Observed,465010,2004.0,366.0,366.0,366.0,100.0,0.0,OK,,,,,,,,,,,,
Observed,465010,2005.0,365.0,365.0,365.0,100.0,0.0,OK,,,,,,,,,,,,
Observed,465010,2006.0,365.0,365.0,365.0,100.0,0.0,OK,,,,,,,,,,,,
Observed,465010,2007.0,365.0,365.0,365.0,100.0,0.0,OK,,,,,,,,,,,,
Observed,465010,2008.0,366.0,366.0,366.0,100.0,0.0,OK,,,,,,,,,,,,
Observed,465010,2009.0,365.0,365.0,365.0,100.0,0.0,OK,,,,,,,,,,,,
Observed,465010,2010.0,365.0,365.0,365.0,100.0,0.0,OK,,,,,,,,,,,,
Observed,465010,2011.0,365.0,365.0,365.0,100.0,0.0,OK,,,,,,,,,,,,
Observed,465010,2012.0,366.0,366.0,366.0,100.0,0.0,OK,,,,,,,,,,,,
Observed,465010,2013.0,365.0,365.0,365.0,100.0,0.0,OK,,,,,,,,,,,,
Observed,465010,2014.0,365.0,365.0,365.0,100.0,0.0,OK,,,,,,,,,,,,
Observed,465011,1981.0,365.0,365.0,365.0,100.0,0.0,OK,,,,,,,,,,,,
Observed,465011,1982.0,365.0,365.0,365.0,100.0,0.0,OK,,,,,,,,,,,,
Observed,465011,1983.0,365.0,365.0,365.0,100.0,0.0,OK,,,,,,,,,,,,
Observed,465011,1984.0,366.0,366.0,366.0,100.0,0.0,OK,,,,,,,,,,,,
Observed,465011,1985.0,365.0,365.0,365.0,100.0,0.0,OK,,,,,,,,,,,,
Observed,465011,1986.0,365.0,365.0,365.0,100.0,0.0,OK,,,,,,,,,,,,
Observed,465011,1987.0,365.0,365.0,365.0,100.0,0.0,OK,,,,,,,,,,,,
Observed,465011,1988.0,366.0,366.0,366.0,100.0,0.0,OK,,,,,,,,,,,,
Observed,465011,1989.0,365.0,365.0,365.0,100.0,0.0,OK,,,,,,,,,,,,
Observed,465011,1990.0,365.0,365.0,365.0,100.0,0.0,OK,,,,,,,,,,,,
Observed,465011,1991.0,365.0,365.0,365.0,100.0,0.0,OK,,,,,,,,,,,,
Observed,465011,1992.0,366.0,366.0,366.0,100.0,0.0,OK,,,,,,,,,,,,
Observed,465011,1993.0,365.0,365.0,365.0,100.0,0.0,OK,,,,,,,,,,,,
Observed,465011,1994.0,365.0,365.0,365.0,100.0,0.0,OK,,,,,,,,,,,,
Observed,465011,1995.0,365.0,365.0,365.0,100.0,0.0,OK,,,,,,,,,,,,
Observed,465011,1996.0,366.0,366.0,366.0,100.0,0.0,OK,,,,,,,,,,,,
Observed,465011,1997.0,365.0,365.0,365.0,100.0,0.0,OK,,,,,,,,,,,,
Observed,465011,1998.0,365.0,365.0,365.0,100.0,0.0,OK,,,,,,,,,,,,
Observed,465011,1999.0,365.0,365.0,365.0,100.0,0.0,OK,,,,,,,,,,,,
Observed,465011,2000.0,366.0,366.0,366.0,100.0,0.0,OK,,,,,,,,,,,,
Observed,465011,2001.0,365.0,365.0,365.0,100.0,0.0,OK,,,,,,,,,,,,
Observed,465011,2002.0,365.0,365.0,365.0,100.0,0.0,OK,,,,,,,,,,,,
Observed,465011,2003.0,365.0,365.0,365.0,100.0,0.0,OK,,,,,,,,,,,,
Observed,465011,2004.0,366.0,366.0,366.0,100.0,0.0,OK,,,,,,,,,,,,
Observed,465011,2005.0,365.0,365.0,365.0,100.0,0.0,OK,,,,,,,,,,,,
Observed,465011,2006.0,365.0,365.0,365.0,100.0,0.0,OK,,,,,,,,,,,,
Observed,465011,2007.0,365.0,365.0,365.0,100.0,0.0,OK,,,,,,,,,,,,
Observed,465011,2008.0,366.0,366.0,366.0,100.0,0.0,OK,,,,,,,,,,,,
Observed,465011,2009.0,365.0,365.0,365.0,100.0,0.0,OK,,,,,,,,,,,,
Observed,465011,2010.0,365.0,365.0,365.0,100.0,0.0,OK,,,,,,,,,,,,
Observed,465011,2011.0,365.0,365.0,365.0,100.0,0.0,OK,,,,,,,,,,,,
Observed,465011,2012.0,366.0,366.0,366.0,100.0,0.0,OK,,,,,,,,,,,,
Observed,465011,2013.0,365.0,365.0,365.0,100.0,0.0,OK,,,,,,,,,,,,
Observed,465011,2014.0,365.0,365.0,365.0,100.0,0.0,OK,,,,,,,,,,,,
Observed,465012,1981.0,365.0,365.0,365.0,100.0,0.0,OK,,,,,,,,,,,,
Observed,465012,1982.0,365.0,365.0,365.0,100.0,0.0,OK,,,,,,,,,,,,
Observed,465012,1983.0,365.0,365.0,365.0,100.0,0.0,OK,,,,,,,,,,,,
Observed,465012,1984.0,366.0,366.0,366.0,100.0,0.0,OK,,,,,,,,,,,,
Observed,465012,1985.0,365.0,365.0,365.0,100.0,0.0,OK,,,,,,,,,,,,
Observed,465012,1986.0,365.0,365.0,365.0,100.0,0.0,OK,,,,,,,,,,,,
Observed,465012,1987.0,365.0,365.0,365.0,100.0,0.0,OK,,,,,,,,,,,,
Observed,465012,1988.0,366.0,366.0,366.0,100.0,0.0,OK,,,,,,,,,,,,
Observed,465012,1989.0,365.0,365.0,365.0,100.0,0.0,OK,,,,,,,,,,,,
Observed,465012,1990.0,365.0,365.0,365.0,100.0,0.0,OK,,,,,,,,,,,,
Observed,465012,1991.0,365.0,365.0,365.0,100.0,0.0,OK,,,,,,,,,,,,
Observed,465012,1992.0,366.0,366.0,366.0,100.0,0.0,OK,,,,,,,,,,,,
Observed,465012,1993.0,365.0,365.0,365.0,100.0,0.0,OK,,,,,,,,,,,,
Observed,465012,1994.0,365.0,365.0,365.0,100.0,0.0,OK,,,,,,,,,,,,
Observed,465012,1995.0,365.0,365.0,365.0,100.0,0.0,OK,,,,,,,,,,,,
Observed,465012,1996.0,366.0,366.0,366.0,100.0,0.0,OK,,,,,,,,,,,,
Observed,465012,1997.0,365.0,365.0,365.0,100.0,0.0,OK,,,,,,,,,,,,
Observed,465012,1998.0,365.0,365.0,365.0,100.0,0.0,OK,,,,,,,,,,,,
Observed,465012,1999.0,365.0,365.0,365.0,100.0,0.0,OK,,,,,,,,,,,,
Observed,465012,2000.0,366.0,366.0,366.0,100.0,0.0,OK,,,,,,,,,,,,
Observed,465012,2001.0,365.0,365.0,365.0,100.0,0.0,OK,,,,,,,,,,,,
Observed,465012,2002.0,365.0,365.0,365.0,100.0,0.0,OK,,,,,,,,,,,,
Observed,465012,2003.0,365.0,365.0,365.0,100.0,0.0,OK,,,,,,,,,,,,
Observed,465012,2004.0,366.0,366.0,366.0,100.0,0.0,OK,,,,,,,,,,,,
Observed,465012,2005.0,365.0,365.0,365.0,100.0,0.0,OK,,,,,,,,,,,,
Observed,465012,2006.0,365.0,365.0,365.0,100.0,0.0,OK,,,,,,,,,,,,
Observed,465012,2007.0,365.0,365.0,365.0,100.0,0.0,OK,,,,,,,,,,,,
Observed,465012,2008.0,366.0,366.0,366.0,100.0,0.0,OK,,,,,,,,,,,,
Observed,465012,2009.0,365.0,365.0,365.0,100.0,0.0,OK,,,,,,,,,,,,
Observed,465012,2010.0,365.0,365.0,365.0,100.0,0.0,OK,,,,,,,,,,,,
Observed,465012,2011.0,365.0,365.0,365.0,100.0,0.0,OK,,,,,,,,,,,,
Observed,465012,2012.0,366.0,366.0,366.0,100.0,0.0,OK,,,,,,,,,,,,
Observed,465012,2013.0,365.0,365.0,365.0,100.0,0.0,OK,,,,,,,,,,,,
Observed,465012,2014.0,365.0,365.0,365.0,100.0,0.0,OK,,,,,,,,,,,,
Observed,465201,1981.0,365.0,365.0,365.0,100.0,0.0,OK,,,,,,,,,,,,
Observed,465201,1982.0,365.0,365.0,365.0,100.0,0.0,OK,,,,,,,,,,,,
Observed,465201,1983.0,365.0,365.0,365.0,100.0,0.0,OK,,,,,,,,,,,,
Observed,465201,1984.0,366.0,366.0,366.0,100.0,0.0,OK,,,,,,,,,,,,
Observed,465201,1985.0,365.0,365.0,365.0,100.0,0.0,OK,,,,,,,,,,,,
Observed,465201,1986.0,365.0,365.0,365.0,100.0,0.0,OK,,,,,,,,,,,,
Observed,465201,1987.0,365.0,365.0,365.0,100.0,0.0,OK,,,,,,,,,,,,
Observed,465201,1988.0,366.0,366.0,366.0,100.0,0.0,OK,,,,,,,,,,,,
Observed,465201,1989.0,365.0,365.0,365.0,100.0,0.0,OK,,,,,,,,,,,,
Observed,465201,1990.0,365.0,365.0,365.0,100.0,0.0,OK,,,,,,,,,,,,
Observed,465201,1991.0,365.0,365.0,365.0,100.0,0.0,OK,,,,,,,,,,,,
Observed,465201,1992.0,366.0,366.0,366.0,100.0,0.0,OK,,,,,,,,,,,,
Observed,465201,1993.0,365.0,365.0,365.0,100.0,0.0,OK,,,,,,,,,,,,
Observed,465201,1994.0,365.0,365.0,365.0,100.0,0.0,OK,,,,,,,,,,,,
Observed,465201,1995.0,365.0,365.0,365.0,100.0,0.0,OK,,,,,,,,,,,,
Observed,465201,1996.0,366.0,366.0,366.0,100.0,0.0,OK,,,,,,,,,,,,
Observed,465201,1997.0,365.0,365.0,365.0,100.0,0.0,OK,,,,,,,,,,,,
Observed,465201,1998.0,365.0,365.0,365.0,100.0,0.0,OK,,,,,,,,,,,,
Observed,465201,1999.0,365.0,365.0,365.0,100.0,0.0,OK,,,,,,,,,,,,
Observed,465201,2000.0,366.0,366.0,366.0,100.0,0.0,OK,,,,,,,,,,,,
Observed,465201,2001.0,365.0,365.0,365.0,100.0,0.0,OK,,,,,,,,,,,,
Observed,465201,2002.0,365.0,365.0,365.0,100.0,0.0,OK,,,,,,,,,,,,
Observed,465201,2003.0,365.0,365.0,365.0,100.0,0.0,OK,,,,,,,,,,,,
Observed,465201,2004.0,366.0,366.0,366.0,100.0,0.0,OK,,,,,,,,,,,,
Observed,465201,2005.0,365.0,365.0,365.0,100.0,0.0,OK,,,,,,,,,,,,
Observed,465201,2006.0,365.0,365.0,365.0,100.0,0.0,OK,,,,,,,,,,,,
Observed,465201,2007.0,365.0,365.0,365.0,100.0,0.0,OK,,,,,,,,,,,,
Observed,465201,2008.0,366.0,366.0,366.0,100.0,0.0,OK,,,,,,,,,,,,
Observed,465201,2009.0,365.0,365.0,365.0,100.0,0.0,OK,,,,,,,,,,,,
Observed,465201,2010.0,365.0,365.0,365.0,100.0,0.0,OK,,,,,,,,,,,,
Observed,465201,2011.0,365.0,365.0,365.0,100.0,0.0,OK,,,,,,,,,,,,
Observed,465201,2012.0,366.0,366.0,366.0,100.0,0.0,OK,,,,,,,,,,,,
Observed,465201,2013.0,365.0,365.0,365.0,100.0,0.0,OK,,,,,,,,,,,,
Observed,465201,2014.0,365.0,365.0,365.0,100.0,0.0,OK,,,,,,,,,,,,
Observed_profile,465001,,,,,,,,12418.0,12418.0,0.0,0.0,0.0,107.5,1.7,3.9621356095989695,1981-01-01,2014-12-31,0.0,OK
Observed_profile,465002,,,,,,,,12418.0,12418.0,0.0,0.0,0.0,110.4,1.7,3.813875020132066,1981-01-01,2014-12-31,0.0,OK
Observed_profile,465003,,,,,,,,12418.0,12418.0,0.0,0.0,0.0,127.3,2.3,4.2615719117410205,1981-01-01,2014-12-31,0.0,OK
Observed_profile,465004,,,,,,,,12418.0,12418.0,0.0,0.0,0.0,308.0,0.9,4.945200515380899,1981-01-01,2014-12-31,0.0,OK
Observed_profile,465005,,,,,,,,12418.0,12418.0,0.0,0.0,0.0,152.5,1.7,3.7193751006603315,1981-01-01,2014-12-31,0.0,OK
Observed_profile,465006,,,,,,,,12418.0,12418.0,0.0,0.0,0.0,347.6,1.3,5.230488001288452,1981-01-01,2014-12-31,0.0,OK
Observed_profile,465007,,,,,,,,12418.0,12418.0,0.0,0.0,0.0,270.2,1.9,4.23032694475761,1981-01-01,2014-12-31,0.0,OK
Observed_profile,465008,,,,,,,,12418.0,12418.0,0.0,0.0,0.0,134.8,1.8,3.560605572555967,1981-01-01,2014-12-31,0.0,OK
Observed_profile,465009,,,,,,,,12418.0,12418.0,0.0,0.0,0.0,150.1,1.6,3.477774198743759,1981-01-01,2014-12-31,0.0,OK
Observed_profile,465010,,,,,,,,12418.0,12418.0,0.0,0.0,0.0,125.8,1.2,3.108229988726043,1981-01-01,2014-12-31,0.0,OK
Observed_profile,465011,,,,,,,,12418.0,12418.0,0.0,0.0,0.0,120.5,1.4,3.2514817200837496,1981-01-01,2014-12-31,0.0,OK
Observed_profile,465012,,,,,,,,12418.0,12418.0,0.0,0.0,0.0,128.7,1.4,3.3111692704139157,1981-01-01,2014-12-31,0.0,OK
Observed_profile,465201,,,,,,,,12418.0,12418.0,0.0,0.0,0.0,259.6,0.0,2.728523111612176,1981-01-01,2014-12-31,0.0,OK
