File,Primary_SHA256,Sensitivity_SHA256,Byte_identical
observed_indices.csv,96a7c98b3d062158af490af402b423068b1fca94341638d2d9a966a6259e48eb,96a7c98b3d062158af490af402b423068b1fca94341638d2d9a966a6259e48eb,True
observed_trend.csv,671eeaba55bae1078e46305b5fb53a30856746ccb423b36f6a2f57401e225921,671eeaba55bae1078e46305b5fb53a30856746ccb423b36f6a2f57401e225921,True
future_indices.csv,d1c5aacf840cab49e64826d1f4157dd995330be67ed1731706d3f3254eeec53b,d1c5aacf840cab49e64826d1f4157dd995330be67ed1731706d3f3254eeec53b,True
future_trend.csv,cbc571bbcff3348631101f6a66b89ad83b448900474976a6448d40f5d6800a96,cbc571bbcff3348631101f6a66b89ad83b448900474976a6448d40f5d6800a96,True
future_change.csv,f71af204cc5e841a5c6b2d546d9e91fbeb988c4c5099f34ba3f0769f282bc707,f71af204cc5e841a5c6b2d546d9e91fbeb988c4c5099f34ba3f0769f282bc707,True
station_thresholds.csv,a81a0aaa01d9e4e481b7f511d5c5e0c669c9ebc70e80b85f6a78b8dbd92eae71,a81a0aaa01d9e4e481b7f511d5c5e0c669c9ebc70e80b85f6a78b8dbd92eae71,True
qc_models.csv,d18f209a41606b0b127820d046ab2ab0acfcf915f05035b393452d99a9e0b4e6,d18f209a41606b0b127820d046ab2ab0acfcf915f05035b393452d99a9e0b4e6,True
qc_observed.csv,0acc8418cfcae2ccb92c806c7e4dce539ec973d64b24a2e82e711b049779b679,0acc8418cfcae2ccb92c806c7e4dce539ec973d64b24a2e82e711b049779b679,True
future_model_agreement.csv,513ab1af291f1d4d7f9092ac2b4b32e39343c03a8f689de4dc609faa6344e9c8,513ab1af291f1d4d7f9092ac2b4b32e39343c03a8f689de4dc609faa6344e9c8,True
summary_by_model_scenario.csv,2a0e09dfb36552995f59f9a4093e1d938deb22cf5cb72935087f06ce0841c2ee,2a0e09dfb36552995f59f9a4093e1d938deb22cf5cb72935087f06ce0841c2ee,True
summary_by_index.csv,92f024e3b365a841e72020566ace1d2709c3f295bd45f8eb09fba030963ac11a,92f024e3b365a841e72020566ace1d2709c3f295bd45f8eb09fba030963ac11a,True
