Period,Model,Scenario,Station,Index,Unit,Sen_slope_unit,StartYear,EndYear,N,S,Var_S,Var_S_adj_YueWang2004,Z_MK,p_MK,Trend_MK,Significant_MK,Z_MMK2004,p_MMK2004,Trend_MMK2004,Significant_MMK2004,Kendall_tau,Sen_slope,Sen_CI95_low,Sen_CI95_high,n_over_nstar,n_effective,ESS_lags_used,ESS_weighted_rho_sum,MMK_rho1,MK_status,MMK_status,MK_MMK_same_conclusion,MK_p_FDR_BH,MK_significant_FDR_BH
1981-2014,Observed,Historical,351001,PRCPTOT,mm,mm year-1,1981,2014,34,-39.0,4550.333333333333,776.895469877409,-0.5633288462840749,0.5732109789122802,No significant trend,False,-1.3633341143628568,0.1727772352115507,No significant trend,False,-0.0695187165775401,-1.80625000000002,-8.86428571428572,5.14,0.1707337491489434,199.14047556197767,33,-0.4146331254255282,-0.2232467610612398,OK,FACTOR_LT_ONE,True,0.8487950565696535,False
1981-2014,Observed,Historical,351002,PRCPTOT,mm,mm year-1,1981,2014,34,77.0,4550.333333333333,2274.8968427909576,1.1266576925681495,0.2598872365092252,No significant trend,False,1.5934290783139975,0.1110639667554249,No significant trend,False,0.1372549019607843,7.224999999999994,-3.166666666666654,16.318181818181827,0.4999407023934418,68.00806543101342,33,-0.2500296488032791,0.2265585367160013,OK,FACTOR_LT_ONE,True,0.6298961834037153,False
1981-2014,Observed,Historical,351003,PRCPTOT,mm,mm year-1,1981,2014,34,133.0,4550.333333333333,191.8488486598638,1.956826518670997,0.0503678681310844,No significant trend,False,9.530031422450016,1.5723562963283734e-21,Increasing,True,0.2370766488413547,8.150000000000015,-0.0555555555555555,15.592307692307696,0.042161493368954,806.4230482176465,33,-0.478919253315523,-0.1426093434490476,OK,FACTOR_LT_ONE,False,0.2323421013788732,False
1981-2014,Observed,Historical,351004,PRCPTOT,mm,mm year-1,1981,2014,34,-97.0,4550.333333333333,1702.9041922837532,-1.4231465590334524,0.1546936737712776,No significant trend,False,-2.326355735243374,0.019999580968056,Decreasing,True,-0.1729055258467023,-5.0,-13.364705882352943,4.0750000000000455,0.3742372409970889,90.85146071890928,33,-0.3128813795014555,0.4550360146341189,OK,FACTOR_LT_ONE,False,0.4808955510715804,False
1981-2014,Observed,Historical,351005,PRCPTOT,mm,mm year-1,1981,2014,34,19.0,4550.333333333333,514.6804158349381,0.2668399798187723,0.7895923705025335,No significant trend,False,0.793420986235625,0.4275325876816844,No significant trend,False,0.0338680926916221,0.6250000000000568,-4.900000000000046,11.135714285714284,0.1131082885872694,300.5968919224438,33,-0.4434458557063653,0.2037672327014716,OK,FACTOR_LT_ONE,True,0.9460017274211586,False
1981-2014,Observed,Historical,351006,PRCPTOT,mm,mm year-1,1981,2014,34,-15.0,4550.333333333333,1096.214303481254,-0.2075422065257118,0.8355864341125854,No significant trend,False,-0.4228441274938314,0.6724089897272721,No significant trend,False,-0.0267379679144385,-1.4777777777777727,-11.371428571428591,6.5499999999999545,0.2409085715657286,141.13237971992857,33,-0.3795457142171357,0.3671459157065562,OK,FACTOR_LT_ONE,True,0.9483242863341247,False
1981-2014,Observed,Historical,351007,PRCPTOT,mm,mm year-1,1981,2014,34,51.0,4550.333333333333,421.24546048957774,0.7412221661632564,0.4585587455246843,No significant trend,False,2.4361408119807466,0.0148449044634619,Increasing,True,0.0909090909090909,1.3789473684210432,-4.683333333333356,7.642857142857175,0.0925746378630674,367.27121795811286,33,-0.4537126810684663,0.1625528116230916,OK,FACTOR_LT_ONE,False,0.8300493748105044,False
1981-2014,Observed,Historical,351008,PRCPTOT,mm,mm year-1,1981,2014,34,-55.0,4550.333333333333,874.7021359851977,-0.8005199394563169,0.4234096156862765,No significant trend,False,-1.8258439899354308,0.0678737649721857,No significant trend,False,-0.0980392156862745,-2.2043478260869587,-9.45999999999999,4.1090909090908925,0.1922281450410661,176.87316283854534,33,-0.4038859274794669,0.1516887490573961,OK,FACTOR_LT_ONE,True,0.8073010005751672,False
1981-2014,Observed,Historical,351009,PRCPTOT,mm,mm year-1,1981,2014,34,-49.0,4550.333333333333,755.0466253918734,-0.7115732795167262,0.4767290582884461,No significant trend,False,-1.746844922796618,0.080664241779332,No significant trend,False,-0.0873440285204991,-1.2375000000000114,-6.261111111111114,3.441666666666663,0.165932157070956,204.90301940365245,33,-0.417033921464522,0.0291494372617307,OK,FACTOR_LT_ONE,True,0.8416327819166393,False
1981-2014,Observed,Historical,351010,PRCPTOT,mm,mm year-1,1981,2014,34,9.0,4550.333333333333,1022.3241673318538,0.118595546586121,0.9055957937612324,No significant trend,False,0.250204820852307,0.8024289573040385,No significant trend,False,0.0160427807486631,0.2400000000000545,-4.212500000000006,4.790909090909096,0.2246701708296506,151.3329512077483,33,-0.3876649145851746,0.1654181882470145,OK,FACTOR_LT_ONE,True,0.959260729687824,False
1981-2014,Observed,Historical,351011,PRCPTOT,mm,mm year-1,1981,2014,34,43.0,4550.333333333333,647.7738968545874,0.6226266195771354,0.5335299141597474,No significant trend,False,1.6502037462336072,0.098901270885084,No significant trend,False,0.0766488413547237,3.892307692307668,-7.899999999999996,13.811111111111106,0.1423574603006199,238.8353931588926,33,-0.42882126984969,0.0541179500061783,OK,FACTOR_LT_ONE,True,0.8477197524982653,False
1981-2014,Observed,Historical,351012,PRCPTOT,mm,mm year-1,1981,2014,34,-77.0,4550.333333333333,741.4268686168961,-1.1266576925681495,0.2598872365092252,No significant trend,False,-2.7911259341921077,0.0052525031406368,Decreasing,True,-0.1372549019607843,-4.481818181818188,-13.316666666666665,3.519999999999982,0.1629390232108042,208.66701745236384,33,-0.4185304883945979,-0.3624307609158073,OK,FACTOR_LT_ONE,False,0.6298961834037153,False
1981-2014,Observed,Historical,351201,PRCPTOT,mm,mm year-1,1981,2014,34,-25.0,4550.333333333333,844.6885664123157,-0.3557866397583631,0.7220003552092338,No significant trend,False,-0.8257772878365265,0.4089304401621876,No significant trend,False,-0.0445632798573975,-0.6750000000000019,-7.340740740740743,5.686666666666634,0.185632239340484,183.15784004327872,33,-0.407183880329758,-0.1060209100309225,OK,FACTOR_LT_ONE,True,0.9418586066507527,False
1981-2014,Observed,Historical,351001,SDII,mm day-1,mm day-1 year-1,1981,2014,34,-127.0,4550.333333333333,383.608087077899,-1.8678798587314065,0.0617788189001975,No significant trend,False,-6.433194293040086,1.2494976332763543e-10,Decreasing,True,-0.2263814616755793,-0.0545004826254829,-0.1252839752839752,0.0060699588477364,0.0843032936219835,403.30571368250696,33,-0.4578483531890082,-0.1177315295615855,OK,FACTOR_LT_ONE,False,0.2598344441978895,False
1981-2014,Observed,Historical,351002,SDII,mm day-1,mm day-1 year-1,1981,2014,34,-49.0,4550.333333333333,450.8897729082906,-0.7115732795167262,0.4767290582884461,No significant trend,False,-2.260507982572423,0.0237897415673634,Decreasing,True,-0.0873440285204991,-0.0454030303030303,-0.219707406471183,0.1144945882650801,0.0990893940901671,343.1245120851323,33,-0.4504553029549164,0.2144502650609296,OK,FACTOR_LT_ONE,False,0.8416327819166393,False
1981-2014,Observed,Historical,351003,SDII,mm day-1,mm day-1 year-1,1981,2014,34,-257.0,4550.333333333333,2317.0629863896297,-3.795057490755873,0.0001476092479808,Decreasing,True,-5.318278124836145,1.0475385883753953e-07,Decreasing,True,-0.4581105169340463,-0.3740150689564466,-0.4893258541145862,-0.1721028568013385,0.5092073078286492,66.77044786529491,33,-0.2453963460856753,0.3594077032372001,OK,FACTOR_LT_ONE,True,0.0052770306153136,True
1981-2014,Observed,Historical,351004,SDII,mm day-1,mm day-1 year-1,1981,2014,34,85.0,4550.333333333333,467.2023546037645,1.2452532391542708,0.2130386782884351,No significant trend,False,3.886214560639413,0.000101819521162,Increasing,True,0.1515151515151515,0.042218487394958,-0.0349358974358972,0.1168055555555553,0.1026743142488677,331.14416442644944,33,-0.4486628428755661,0.2750787002190709,OK,FACTOR_LT_ONE,False,0.5641579813934485,False
1981-2014,Observed,Historical,351005,SDII,mm day-1,mm day-1 year-1,1981,2014,34,-147.0,4550.333333333333,1630.2575376429993,-2.164368725196709,0.030436062092645,Decreasing,True,-3.615969406025738,0.0002992257170058,Decreasing,True,-0.2620320855614973,-0.168940003903772,-0.2935819892473116,-0.0190358231707317,0.3582721128803017,94.89993437295344,33,-0.3208639435598491,0.3188067910855351,OK,FACTOR_LT_ONE,True,0.17207332692953367,False
1981-2014,Observed,Historical,351006,SDII,mm day-1,mm day-1 year-1,1981,2014,34,199.0,4550.333333333333,10806.29495415106,2.935239778006496,0.0033329003128445,Increasing,True,1.9047008763787563,0.0568189650259719,No significant trend,False,0.3547237076648841,0.0788724392891059,0.011828041633867,0.1997532861145829,2.374835899381231,14.316778691470338,33,0.6874179496906153,0.4849579726032198,OK,OK,False,0.037860876804938,True
1981-2014,Observed,Historical,351007,SDII,mm day-1,mm day-1 year-1,1981,2014,34,205.0,4550.333333333333,11943.73486900007,3.0241864379460863,0.0024930275322437,Increasing,True,1.866637946736668,0.0619521646761242,No significant trend,False,0.3654188948306595,0.0844987175197946,0.0170960931647409,0.2900896860986546,2.624804381144254,12.953346254770452,33,0.8124021905721271,0.6150581902426497,OK,OK,False,0.0324093579191681,True
1981-2014,Observed,Historical,351008,SDII,mm day-1,mm day-1 year-1,1981,2014,34,111.0,4550.333333333333,5347.027418893979,1.6306887655591642,0.1029560083082314,No significant trend,False,1.504307011034837,0.1325023346883493,No significant trend,False,0.1978609625668449,0.0335913978494624,-0.0079320660392139,0.0895319709953856,1.1750847744987136,28.9340826618269,33,0.0875423872493567,0.4604019029280428,OK,OK,True,0.36806772970192725,False
1981-2014,Observed,Historical,351009,SDII,mm day-1,mm day-1 year-1,1981,2014,34,-55.0,4550.333333333333,157.46499424005165,-0.8005199394563169,0.4234096156862765,No significant trend,False,-4.30330124344994,1.6827180600698533e-05,Decreasing,True,-0.0980392156862745,-0.0088531395952257,-0.023416594889463,0.0098415242165242,0.0346051558655157,982.5125519484004,33,-0.4826974220672421,-0.3824121018399564,OK,FACTOR_LT_ONE,False,0.8073010005751672,False
1981-2014,Observed,Historical,351010,SDII,mm day-1,mm day-1 year-1,1981,2014,34,-59.0,4550.333333333333,726.335420131318,-0.8598177127493775,0.3898895337647029,No significant trend,False,-2.152084808938603,0.0313906753772511,Decreasing,True,-0.1051693404634581,-0.007325179902546,-0.0243688239091418,0.0118865712668768,0.1596224643171895,213.00260051390893,33,-0.4201887678414052,-0.1521958737797521,OK,FACTOR_LT_ONE,False,0.7994980063807211,False
1981-2014,Observed,Historical,351011,SDII,mm day-1,mm day-1 year-1,1981,2014,34,-1.0,4550.333333333333,1144.7414657549662,0.0,1.0,No significant trend,False,0.0,1.0,No significant trend,False,-0.0017825311942959,-0.0012169429385598,-0.1093149942960129,0.0955936199722608,0.2515731006713719,135.14958439222778,33,-0.374213449664314,0.0433949074185943,OK,FACTOR_LT_ONE,True,1.0,False
1981-2014,Observed,Historical,351012,SDII,mm day-1,mm day-1 year-1,1981,2014,34,-37.0,4550.333333333333,1413.4029835556198,-0.5336799596375447,0.5935629766221353,No significant trend,False,-0.9575677233085804,0.3382807813398779,No significant trend,False,-0.0659536541889483,-0.0308009817045951,-0.1337918871252197,0.0788099574984824,0.3106152626669738,109.46017175097124,33,-0.3446923686665131,-0.2268932250638617,OK,FACTOR_LT_ONE,True,0.8487950565696535,False
1981-2014,Observed,Historical,351201,SDII,mm day-1,mm day-1 year-1,1981,2014,34,-55.0,4550.333333333333,1227.8922921689414,-0.8005199394563169,0.4234096156862765,No significant trend,False,-1.5410389766610304,0.1233073001358687,No significant trend,False,-0.0980392156862745,-0.0200277093596059,-0.0841446923597028,0.0353028308097432,0.2698466688525986,125.99747902973816,33,-0.3650766655737006,-0.1634176031287184,OK,FACTOR_LT_ONE,True,0.8073010005751672,False
1981-2014,Observed,Historical,351001,Rx1day,mm,mm year-1,1981,2014,34,-10.0,4549.333333333333,288.62347420801746,-0.1334346527895376,0.8938496414687364,No significant trend,False,-0.529756976084177,0.5962804387342552,No significant trend,False,-0.017825311942959,-0.1300000000000011,-1.3761904761904764,1.0777777777777782,0.0634430262766744,535.9139056785584,33,-0.4682784868616628,-0.3259399254301989,OK,FACTOR_LT_ONE,True,0.9538843188808157,False
1981-2014,Observed,Historical,351002,Rx1day,mm,mm year-1,1981,2014,34,71.0,4550.333333333333,545.461562825651,1.037711032628559,0.2994046070393092,No significant trend,False,2.997201655313937,0.0027247041154134,Increasing,True,0.1265597147950089,0.4839999999999997,-0.4933333333333332,1.480000000000001,0.1198728802634937,283.6337954445098,33,-0.4400635598682531,0.0501210138918068,OK,FACTOR_LT_ONE,False,0.7018829312560855,False
1981-2014,Observed,Historical,351003,Rx1day,mm,mm year-1,1981,2014,34,-187.0,4550.333333333333,1468.823306594723,-2.757346458127314,0.005827257313377,Decreasing,True,-4.853199751310572,1.2148521445712937e-06,Decreasing,True,-0.3333333333333333,-2.226315789473684,-3.274074074074074,-0.8857142857142861,0.3227946611811713,105.3301187683436,33,-0.3386026694094143,0.1380351764426238,OK,FACTOR_LT_ONE,True,0.0555531863875274,False
1981-2014,Observed,Historical,351004,Rx1day,mm,mm year-1,1981,2014,34,141.0,4550.333333333333,646.6352905274243,2.075422065257118,0.037947434938444,Increasing,True,5.505519868467041,3.680804427330477e-08,Increasing,True,0.2513368983957219,1.3066666666666669,0.0708333333333331,2.296875,0.1421072354832813,239.25593854790063,33,-0.4289463822583593,-0.1306578698002459,OK,FACTOR_LT_ONE,True,0.19380297129276755,False
1981-2014,Observed,Historical,351005,Rx1day,mm,mm year-1,1981,2014,34,-43.0,4550.333333333333,611.4996489699013,-0.6226266195771354,0.5335299141597474,No significant trend,False,-1.6984438130633923,0.08942402882415,No significant trend,False,-0.0766488413547237,-0.3000000000000001,-1.1058823529411772,0.7625000000000002,0.1343856821412133,253.0031433279668,33,-0.4328071589293933,-0.0768614748742192,OK,FACTOR_LT_ONE,True,0.8477197524982653,False
1981-2014,Observed,Historical,351006,Rx1day,mm,mm year-1,1981,2014,34,175.0,4548.333333333333,7057.519593406953,2.5800201964321525,0.0098794537062688,Increasing,True,2.0712055540769776,0.0383395907913816,Increasing,True,0.3119429590017825,0.6700000000000003,0.1583333333333335,1.646153846153846,1.5516715852122287,21.911853206585384,33,0.2758357926061143,0.3201437943404681,OK,OK,True,0.07848677111091325,False
1981-2014,Observed,Historical,351007,Rx1day,mm,mm year-1,1981,2014,34,205.0,4550.333333333333,6562.56072695788,3.0241864379460863,0.0024930275322437,Increasing,True,2.518219020072647,0.0117949950754988,Increasing,True,0.3654188948306595,1.1111111111111112,0.2761904761904762,2.246153846153846,1.4422153820872934,23.57484216455408,33,0.2211076910436466,0.2563587925157614,OK,OK,True,0.0324093579191681,True
1981-2014,Observed,Historical,351008,Rx1day,mm,mm year-1,1981,2014,34,23.0,4548.333333333333,601.2084927441964,0.3262094501236054,0.7442658919687767,No significant trend,False,0.8972431004097402,0.3695892111124529,No significant trend,False,0.0409982174688057,0.230769230769231,-1.0454545454545452,1.25,0.1321821530401311,257.2208064251869,33,-0.4339089234799344,0.0956786603753045,OK,FACTOR_LT_ONE,True,0.9418586066507527,False
1981-2014,Observed,Historical,351009,Rx1day,mm,mm year-1,1981,2014,34,7.0,4548.333333333333,440.1516983395011,0.0889662136700742,0.9291087611981024,No significant trend,False,0.2859894808752313,0.7748861782793415,No significant trend,False,0.0124777183600713,0.0208333333333333,-0.2523809523809522,0.3400000000000002,0.0967720846477466,351.34098974679563,33,-0.4516139576761266,-0.1930586728625712,OK,FACTOR_LT_ONE,True,0.9627721221110771,False
1981-2014,Observed,Historical,351010,Rx1day,mm,mm year-1,1981,2014,34,23.0,4548.333333333333,445.7382878916665,0.3262094501236054,0.7442658919687767,No significant trend,False,1.0420359697923736,0.2973950026666642,No significant trend,False,0.0409982174688057,0.0444444444444444,-0.3115384615384616,0.3727272727272728,0.0980003564437522,346.9375136356208,33,-0.4509998217781238,-0.07348208677878,OK,FACTOR_LT_ONE,True,0.9418586066507527,False
1981-2014,Observed,Historical,351011,Rx1day,mm,mm year-1,1981,2014,34,-19.0,4550.333333333333,978.242462201524,-0.2668399798187723,0.7895923705025335,No significant trend,False,-0.5755051972956614,0.5649496766892113,No significant trend,False,-0.0338680926916221,-0.1551724137931034,-2.291666666666667,1.677777777777778,0.2149825937004301,158.1523388231964,33,-0.3925087031497849,0.0968662758838578,OK,FACTOR_LT_ONE,True,0.9460017274211586,False
1981-2014,Observed,Historical,351012,Rx1day,mm,mm year-1,1981,2014,34,-19.0,4550.333333333333,507.6673817584378,-0.2668399798187723,0.7895923705025335,No significant trend,False,-0.798882439559842,0.4243585822028338,No significant trend,False,-0.0338680926916221,-0.4375,-2.1599999999999997,1.4159999999999997,0.1115670753260064,304.7494065847809,33,-0.4442164623369968,-0.2942355753739463,OK,FACTOR_LT_ONE,True,0.9460017274211586,False
1981-2014,Observed,Historical,351201,Rx1day,mm,mm year-1,1981,2014,34,43.0,4550.333333333333,686.1711975835826,0.6226266195771354,0.5335299141597474,No significant trend,False,1.603367396445052,0.1088535647809366,No significant trend,False,0.0766488413547237,0.3074074074074073,-0.645454545454545,1.3062500000000004,0.1507958092997398,225.47045675796952,33,-0.4246020953501301,-0.1965953862357256,OK,FACTOR_LT_ONE,True,0.8477197524982653,False
1981-2014,Observed,Historical,351001,Rx5day,mm,mm year-1,1981,2014,34,-41.0,4550.333333333333,308.6939326374576,-0.5929777329306052,0.5531960543178076,No significant trend,False,-2.2766482959114254,0.0228072363807502,Decreasing,True,-0.0730837789661319,-0.7906250000000004,-3.37,1.7423076923076917,0.0678398504074699,501.180350425068,33,-0.466080074796265,-0.238847411269677,OK,FACTOR_LT_ONE,False,0.8487950565696535,False
1981-2014,Observed,Historical,351002,Rx5day,mm,mm year-1,1981,2014,34,104.0,4549.333333333333,1188.4791512178506,1.527085470813598,0.1267397593111309,No significant trend,False,2.987730640010497,0.0028105714040469,Increasing,True,0.1853832442067736,1.4095238095238103,-0.3000000000000019,3.6999999999999886,0.261242486346245,130.14728375742507,33,-0.3693787568268775,-0.0878167057332482,OK,FACTOR_LT_ONE,False,0.4119042177611755,False
1981-2014,Observed,Historical,351003,Rx5day,mm,mm year-1,1981,2014,34,-185.0,4550.333333333333,1249.2254168533582,-2.727697571480784,0.0063778051451552,Decreasing,True,-5.205919126373061,1.9303871034788466e-07,Decreasing,True,-0.3297682709447415,-2.271428571428572,-3.307142857142858,-0.610344827586207,0.2745349242224068,123.84580976828964,33,-0.3627325378887966,-0.0070862583837583,OK,FACTOR_LT_ONE,True,0.0570016334848246,False
1981-2014,Observed,Historical,351004,Rx5day,mm,mm year-1,1981,2014,34,60.0,4549.333333333333,721.9710691578533,0.8747382793980804,0.3817163268062443,No significant trend,False,2.195796630001774,0.0281065029896797,Increasing,True,0.106951871657754,0.6500000000000021,-1.0571428571428538,2.25,0.1586982127398564,214.24311851409428,33,-0.4206508936300718,0.0695580882473095,OK,FACTOR_LT_ONE,False,0.7994980063807211,False
1981-2014,Observed,Historical,351005,Rx5day,mm,mm year-1,1981,2014,34,-55.0,4550.333333333333,1243.2678371984891,-0.8005199394563169,0.4234096156862765,No significant trend,False,-1.5314802849906195,0.1256507352764959,No significant trend,False,-0.0980392156862745,-0.4846153846153844,-1.6000000000000003,0.9555555555555564,0.2732256619731498,124.43926296842945,33,-0.3633871690134251,0.1929751694781533,OK,FACTOR_LT_ONE,True,0.8073010005751672,False
1981-2014,Observed,Historical,351006,Rx5day,mm,mm year-1,1981,2014,34,117.0,4550.333333333333,5201.274108592013,1.719635425498755,0.0854987325135718,No significant trend,False,1.608433531219924,0.1077402628178959,No significant trend,False,0.2085561497326203,0.8076923076923077,-0.0833333333333333,2.491666666666667,1.1430534265457506,29.744891367629485,33,0.0715267132728752,-0.0031784159557186,OK,OK,True,0.32174523024844126,False
1981-2014,Observed,Historical,351007,Rx5day,mm,mm year-1,1981,2014,34,182.0,4549.333333333333,6756.5305146170585,2.6835191283229247,0.0072851807563705,Increasing,True,2.2019969019288737,0.0276655273098732,Increasing,True,0.3244206773618538,1.7000000000000028,0.4125000000000005,3.929411764705881,1.485169368687806,22.893011879204103,33,0.242584684343903,0.2411458070142623,OK,OK,True,0.06128122636241067,False
1981-2014,Observed,Historical,351008,Rx5day,mm,mm year-1,1981,2014,34,51.0,4550.333333333333,518.2943599094565,0.7412221661632564,0.4585587455246843,No significant trend,False,2.196249941343568,0.0280740585615327,Increasing,True,0.0909090909090909,0.764,-0.9499999999999992,2.6052631578947367,0.1139025038259738,298.50090084013385,33,-0.443048748087013,0.0010909218950726,OK,FACTOR_LT_ONE,False,0.8300493748105044,False
1981-2014,Observed,Historical,351009,Rx5day,mm,mm year-1,1981,2014,34,-23.0,4548.333333333333,820.8330138641081,-0.3262094501236054,0.7442658919687767,No significant trend,False,-0.7678833892858974,0.4425564667176729,No significant trend,False,-0.0409982174688057,-0.1166666666666665,-0.5642857142857137,0.5363636363636369,0.1804689660382795,188.39804286787017,33,-0.4097655169808602,-0.2128587610807182,OK,FACTOR_LT_ONE,True,0.9418586066507527,False
1981-2014,Observed,Historical,351010,Rx5day,mm,mm year-1,1981,2014,34,38.0,4549.333333333333,888.0988557656561,0.5485646836903216,0.5833042277380263,No significant trend,False,1.241569595784841,0.2143954054328666,No significant trend,False,0.0677361853832442,0.2199999999999988,-0.3857142857142861,0.9428571428571432,0.1952151646612667,174.16679723112742,33,-0.4023924176693666,-0.1996571810489933,OK,FACTOR_LT_ONE,True,0.8487950565696535,False
1981-2014,Observed,Historical,351011,Rx5day,mm,mm year-1,1981,2014,34,-13.0,4550.333333333333,1011.4148260336832,-0.1778933198791815,0.8588067571357121,No significant trend,False,-0.3773258753929168,0.7059314451274091,No significant trend,False,-0.0231729055258467,-0.2894736842105255,-3.75,2.611111111111111,0.2222726890411728,152.96526148429325,33,-0.3888636554794136,-0.032950948240506,OK,FACTOR_LT_ONE,True,0.9538843188808157,False
1981-2014,Observed,Historical,351012,Rx5day,mm,mm year-1,1981,2014,34,-61.0,4550.333333333333,583.4619637150266,-0.8894665993959078,0.3737523660718178,No significant trend,False,-2.483962160442024,0.0129929613527063,Decreasing,True,-0.1087344028520499,-1.364285714285715,-4.161538461538461,1.9500000000000013,0.1282240049186931,265.16095813384874,33,-0.4358879975406534,-0.4273349212533061,OK,FACTOR_LT_ONE,False,0.7977102738547752,False
1981-2014,Observed,Historical,351201,Rx5day,mm,mm year-1,1981,2014,34,5.0,4550.333333333333,640.1826844984128,0.0592977732930605,0.9527149346506576,No significant trend,False,0.1580913214669418,0.8743848390819182,No significant trend,False,0.0089126559714795,0.0473684210526311,-1.9642857142857144,2.0470588235294125,0.1406891841986109,241.66747567462036,33,-0.4296554079006945,-0.3339153740866329,OK,FACTOR_LT_ONE,True,0.9801311917629068,False
1981-2014,Observed,Historical,351001,CDD,days,days year-1,1981,2014,34,-86.0,4542.666666666667,914.5479374634128,-1.2611405518953347,0.207258212489077,No significant trend,False,-2.810707732137414,0.0049432666916303,Decreasing,True,-0.1532976827094474,-0.4166666666666667,-1.0,0.2857142857142857,0.2013240249772702,168.8819802000216,33,-0.3993379875113649,-0.1014679259251611,OK,FACTOR_LT_ONE,False,0.5592061204893964,False
1981-2014,Observed,Historical,351002,CDD,days,days year-1,1981,2014,34,-220.0,4547.333333333333,1418.6026876498763,-3.2476238310966226,0.001163730126675,Decreasing,True,-5.81451808540768,6.080881157681871e-09,Decreasing,True,-0.392156862745098,-1.5,-2.272727272727273,-0.625,0.311963646309165,108.98705795451887,33,-0.3440181768454174,-0.1634883387662604,OK,FACTOR_LT_ONE,True,0.023773344016360717,True
1981-2014,Observed,Historical,351003,CDD,days,days year-1,1981,2014,34,-270.0,4547.333333333333,510.8070334170968,-3.989090459200874,6.632712626782775e-05,Decreasing,True,-11.902106876154765,1.1539645433200867e-32,Decreasing,True,-0.481283422459893,-1.6666666666666667,-2.333333333333333,-1.0,0.1123311171566698,302.6765945234898,33,-0.443834441421665,-0.3510225416498408,OK,FACTOR_LT_ONE,True,0.004742389528149684,True
1981-2014,Observed,Historical,351004,CDD,days,days year-1,1981,2014,34,-105.0,4539.666666666667,317.58706315163425,-1.5435523266650517,0.1226968217573681,No significant trend,False,-5.835820667051022,5.352644385845037e-09,Decreasing,True,-0.1871657754010695,-0.5,-1.2222222222222223,0.1428571428571428,0.0699582340447098,486.0042633190376,33,-0.4650208829776451,-0.2051058177382153,OK,FACTOR_LT_ONE,False,0.4080382677047357,False
1981-2014,Observed,Historical,351005,CDD,days,days year-1,1981,2014,34,-198.0,4535.333333333333,746.8717250693679,-2.9252407869472687,0.003441897891358,Decreasing,True,-7.208472019073715,5.658319531750212e-13,Decreasing,True,-0.3529411764705882,-1.1666666666666667,-1.8235294117647056,-0.3636363636363636,0.1646784635607896,206.46294157006872,33,-0.4176607682196052,0.0035688143514061,OK,FACTOR_LT_ONE,True,0.037860876804938,True
1981-2014,Observed,Historical,351006,CDD,days,days year-1,1981,2014,34,137.0,4541.666666666667,1290.1054494768189,2.0180470166643514,0.0435863649206844,Increasing,True,3.786398361354242,0.0001528465724836,Increasing,True,0.2442067736185383,0.5333333333333333,-0.0,1.0,0.2840599154811344,119.69305821418538,33,-0.3579700422594328,-0.0835322355323696,OK,FACTOR_LT_ONE,True,0.20776167278859564,False
1981-2014,Observed,Historical,351007,CDD,days,days year-1,1981,2014,34,66.0,4535.333333333333,802.3212157835297,0.9651809703125506,0.3344541766584541,No significant trend,False,2.294770289630571,0.0217462921564386,Increasing,True,0.1176470588235294,0.1875,-0.25,0.6666666666666666,0.1769045749926936,192.19401194912135,33,-0.4115477125036532,-0.0986099891284054,OK,FACTOR_LT_ONE,False,0.7489602767714673,False
1981-2014,Observed,Historical,351008,CDD,days,days year-1,1981,2014,34,52.0,4529.333333333333,491.35823221484014,0.7577972664807282,0.4485723590626562,No significant trend,False,2.3007586198084704,0.0214052786171234,Increasing,True,0.0926916221033868,0.1428571428571428,-0.2692307692307692,0.5555555555555556,0.1084835661351575,313.41152592310686,33,-0.4457582169324212,-0.1704465255886634,OK,FACTOR_LT_ONE,False,0.8300493748105044,False
1981-2014,Observed,Historical,351009,CDD,days,days year-1,1981,2014,34,-20.0,4541.333333333333,463.89537916589,-0.2819433858289346,0.7779869213485003,No significant trend,False,-0.8821523140068032,0.3776944453081651,No significant trend,False,-0.035650623885918,-0.0666666666666666,-0.5555555555555556,0.4285714285714285,0.1021495990529705,332.8451635171767,33,-0.4489252004735147,-0.2466664908210489,OK,FACTOR_LT_ONE,True,0.9460017274211586,False
1981-2014,Observed,Historical,351010,CDD,days,days year-1,1981,2014,34,28.0,4540.666666666667,457.8575995519652,0.4006858017587138,0.6886514654753221,No significant trend,False,1.261823323540736,0.2070123676055306,No significant trend,False,0.0499108734402852,0.0869565217391304,-0.375,0.5454545454545454,0.1008348846465934,337.18489508034213,33,-0.4495825576767033,-0.1291427791772839,OK,FACTOR_LT_ONE,True,0.9378777101235338,False
1981-2014,Observed,Historical,351011,CDD,days,days year-1,1981,2014,34,23.0,4524.333333333333,689.9660657679281,0.3270735190498098,0.7436122800158824,No significant trend,False,0.8375462819253321,0.4022855732794501,No significant trend,False,0.0409982174688057,0.05,-0.3636363636363636,0.4666666666666667,0.1525011565095251,222.9491288997299,33,-0.4237494217452374,-0.0068375669204179,OK,FACTOR_LT_ONE,True,0.9418586066507527,False
1981-2014,Observed,Historical,351012,CDD,days,days year-1,1981,2014,34,30.0,4542.666666666667,656.5314232426513,0.4302714824113495,0.6669981690292224,No significant trend,False,1.1318014323621652,0.2577179254137817,No significant trend,False,0.053475935828877,0.1666666666666666,-0.4782608695652174,0.7777777777777778,0.1445255554540617,235.2525122161325,33,-0.4277372222729691,-0.1133237778159002,OK,FACTOR_LT_ONE,True,0.926026584186202,False
1981-2014,Observed,Historical,351201,CDD,days,days year-1,1981,2014,34,-58.0,4528.0,586.2357748176223,-0.8470745750458137,0.3969535556156028,No significant trend,False,-2.3541747477078263,0.0185638817589171,Decreasing,True,-0.1033868092691622,-0.2,-0.7222222222222222,0.25,0.1294690315409943,262.61106301111425,33,-0.4352654842295028,-0.0681643591173448,OK,FACTOR_LT_ONE,False,0.7994980063807211,False
1981-2014,Observed,Historical,351001,CWD,days,days year-1,1981,2014,34,46.0,4440.666666666667,440.81488552693145,0.6752870580124509,0.4994934047927293,No significant trend,False,2.1433070281129702,0.0320884528655359,Increasing,True,0.0819964349376114,0.0,-0.0625,0.1333333333333333,0.0992677268113492,342.5080949482647,33,-0.4503661365943254,-0.1268467945929398,OK,FACTOR_LT_ONE,False,0.8477197524982653,False
1981-2014,Observed,Historical,351002,CWD,days,days year-1,1981,2014,34,10.0,4444.0,940.5868905154788,0.1350067505062922,0.8926065370670344,No significant trend,False,0.2934560372937814,0.7691735981360044,No significant trend,False,0.017825311942959,0.0,-0.1428571428571428,0.1111111111111111,0.2116532156875514,160.6401296080083,33,-0.3941733921562242,0.3193999324417947,OK,FACTOR_LT_ONE,True,0.9538843188808157,False
1981-2014,Observed,Historical,351003,CWD,days,days year-1,1981,2014,34,239.0,4501.666666666667,13483.0948589165,3.547237689243718,0.0003892931994332,Increasing,True,2.0496615872723662,0.0403974659486403,Increasing,True,0.4260249554367201,0.625,0.2,2.909090909090909,2.995133993095113,11.351745891296524,33,0.9975669965475564,0.6404703447450437,OK,OK,True,0.010124982054913917,True
1981-2014,Observed,Historical,351004,CWD,days,days year-1,1981,2014,34,-47.0,4441.0,1441.1407386893884,-0.6902675305121568,0.4900259627534157,No significant trend,False,-1.21172657884663,0.2256170614244378,No significant trend,False,-0.0837789661319073,0.0,-0.1052631578947368,0.05,0.3245081600291349,104.77394465811712,33,-0.3377459199854325,0.0393434040712892,OK,FACTOR_LT_ONE,True,0.8477197524982653,False
1981-2014,Observed,Historical,351005,CWD,days,days year-1,1981,2014,34,145.0,4471.666666666667,6678.574281757151,2.15341523337929,0.0312860594417334,Increasing,True,1.7620596722395687,0.0780592159919359,No significant trend,False,0.2584670231729055,0.1428571428571428,-0.0,0.4,1.4935313339747631,22.76483875936848,33,0.2467656669873817,0.4402235156606364,OK,OK,False,0.17207332692953367,False
1981-2014,Observed,Historical,351006,CWD,days,days year-1,1981,2014,34,-155.0,4533.0,2161.320419194319,-2.28732491864989,0.0221768650671061,Decreasing,True,-3.3125400866479846,0.0009245287563923,Decreasing,True,-0.2762923351158645,-1.4444444444444444,-2.0588235294117645,-0.1666666666666666,0.4767969157719653,71.30918610274938,33,-0.2616015421140173,0.3769802628921736,OK,FACTOR_LT_ONE,True,0.13213715435817383,False
1981-2014,Observed,Historical,351007,CWD,days,days year-1,1981,2014,34,-142.0,4532.0,2642.9162103299795,-2.0944700863536303,0.0362181250988289,Decreasing,True,-2.742694371710213,0.0060937373230457,Decreasing,True,-0.2531194295900178,-1.5,-2.28,-0.0,0.5831677427912576,58.302264520433454,33,-0.2084161286043712,0.4204213799426584,OK,FACTOR_LT_ONE,True,0.19182192181972343,False
1981-2014,Observed,Historical,351008,CWD,days,days year-1,1981,2014,34,-43.0,4531.0,1727.1316921967236,-0.6239535490240119,0.5326580913500003,No significant trend,False,-1.010616916921115,0.3121998158724163,No significant trend,False,-0.0766488413547237,-0.1739130434782608,-0.9047619047619048,0.3157894736842105,0.3811811282711815,89.19644095237467,33,-0.3094094358644092,-0.0328262586944941,OK,FACTOR_LT_ONE,True,0.8477197524982653,False
1981-2014,Observed,Historical,351009,CWD,days,days year-1,1981,2014,34,-13.0,4546.333333333333,474.9389396327925,-0.1779715606042131,0.8587453105075717,No significant trend,False,-0.5506331538610827,0.581885176759396,No significant trend,False,-0.0231729055258467,-0.1,-1.375,1.0,0.1044663698877027,325.46359212585514,33,-0.4477668150561486,-0.2992428309281792,OK,FACTOR_LT_ONE,True,0.9538843188808157,False
1981-2014,Observed,Historical,351010,CWD,days,days year-1,1981,2014,34,41.0,4546.333333333333,651.3049885484538,0.5932385353473771,0.5530215266798347,No significant trend,False,1.5673564990314073,0.1170313859671362,No significant trend,False,0.0730837789661319,0.2142857142857142,-0.6363636363636364,1.0,0.1432594006631983,237.3317202403612,33,-0.4283702996684008,-0.0246352201853614,OK,FACTOR_LT_ONE,True,0.8487950565696535,False
1981-2014,Observed,Historical,351011,CWD,days,days year-1,1981,2014,34,37.0,4358.333333333333,912.8146334825572,0.5453085151297751,0.585541348649682,No significant trend,False,1.1915470723031525,0.2334388888302515,No significant trend,False,0.0659536541889483,0.0,-0.0476190476190476,0.1304347826086956,0.2094412160954242,162.33671974340115,33,-0.3952793919522879,-0.1759020179177979,OK,FACTOR_LT_ONE,True,0.8487950565696535,False
1981-2014,Observed,Historical,351012,CWD,days,days year-1,1981,2014,34,-39.0,4381.0,490.2374111598364,-0.5741124567433651,0.5658917044129058,No significant trend,False,-1.7162492936905296,0.0861164246013763,No significant trend,False,-0.0695187165775401,0.0,-0.1,0.0476190476190476,0.111900801451686,303.8405405405407,33,-0.444049599274157,-0.0539845758354755,OK,FACTOR_LT_ONE,True,0.8487950565696535,False
1981-2014,Observed,Historical,351201,CWD,days,days year-1,1981,2014,34,-16.0,4365.333333333333,877.495913481908,-0.2270296361968359,0.8204006974349555,No significant trend,False,-0.5063708626279305,0.6125963252734155,No significant trend,False,-0.0285204991087344,0.0,-0.0714285714285714,0.0526315789473684,0.201014641145825,169.14190830176832,33,-0.3994926794270875,-0.0558432734589736,OK,FACTOR_LT_ONE,True,0.9473550786829261,False
1981-2014,Observed,Historical,351001,R10mm,days,days year-1,1981,2014,34,-12.0,4518.0,559.4598344910097,-0.1636513423150656,0.8700056241991116,No significant trend,False,-0.465059187904288,0.6418890713797283,No significant trend,False,-0.0213903743315508,0.0,-0.2142857142857142,0.1666666666666666,0.1238290912994709,274.5719898547399,33,-0.4380854543502645,-0.2557588950230813,OK,FACTOR_LT_ONE,True,0.9538843188808157,False
1981-2014,Observed,Historical,351002,R10mm,days,days year-1,1981,2014,34,69.0,4532.333333333333,1937.4713464910185,1.010061903866938,0.3124656326911125,No significant trend,False,1.5448676126466423,0.1223782888054318,No significant trend,False,0.1229946524064171,0.1428571428571428,-0.1538461538461538,0.4482758620689655,0.4274776818028282,79.5363160401958,33,-0.2862611590985859,0.3332403609515996,OK,FACTOR_LT_ONE,True,0.7206868624972433,False
1981-2014,Observed,Historical,351003,R10mm,days,days year-1,1981,2014,34,21.0,4492.333333333333,1939.180177867647,0.2983966951356509,0.7654004111416848,No significant trend,False,0.4541725834341468,0.6497046144864552,No significant trend,False,0.0374331550802139,0.0,-0.2352941176470588,0.3076923076923077,0.4316643565780916,78.76490027929633,33,-0.2841678217109541,0.2852356644131837,OK,FACTOR_LT_ONE,True,0.9460017274211586,False
1981-2014,Observed,Historical,351004,R10mm,days,days year-1,1981,2014,34,-173.0,4525.666666666667,2287.375602958115,-2.556743527962159,0.0105657085655595,Decreasing,True,-3.596331397381321,0.000322736598475,Decreasing,True,-0.3083778966131907,-0.3076923076923077,-0.5294117647058824,-0.0833333333333333,0.5054229070394303,67.27039777274581,33,-0.2472885464802849,0.4752573328326537,OK,FACTOR_LT_ONE,True,0.07952085920394782,False
1981-2014,Observed,Historical,351005,R10mm,days,days year-1,1981,2014,34,8.0,4528.0,564.4916363899604,0.1040267021986087,0.917148158236624,No significant trend,False,0.2946247887603512,0.7682805235962745,No significant trend,False,0.0142602495543672,0.0,-0.2941176470588235,0.3076923076923077,0.1246668808281714,272.7268042172504,33,-0.4376665595859142,0.0316808209323265,OK,FACTOR_LT_ONE,True,0.9627721221110771,False
1981-2014,Observed,Historical,351006,R10mm,days,days year-1,1981,2014,34,2.0,4520.666666666667,533.7679510236813,0.0148730061437971,0.9881334955176992,No significant trend,False,0.0432836376857324,0.9654754342335852,No significant trend,False,0.0035650623885918,0.0,-0.2608695652173913,0.2758620689655172,0.1180728397781333,287.95784080308607,33,-0.4409635801109333,0.2166940109004307,OK,FACTOR_LT_ONE,True,1.0,False
1981-2014,Observed,Historical,351007,R10mm,days,days year-1,1981,2014,34,87.0,4527.0,833.6958625692849,1.278183491260768,0.2011847356336359,No significant trend,False,2.97847958790728,0.0028968232379558,Increasing,True,0.1550802139037433,0.1818181818181818,-0.0952380952380952,0.4444444444444444,0.1841607825423646,184.6212832646852,33,-0.4079196087288176,0.2571016922332356,OK,FACTOR_LT_ONE,False,0.558641751400933,False
1981-2014,Observed,Historical,351008,R10mm,days,days year-1,1981,2014,34,25.0,4505.666666666667,1469.0270639038354,0.3575458257810827,0.7206832262340739,No significant trend,False,0.6261758922398415,0.5311995779302563,No significant trend,False,0.0445632798573975,0.0,-0.1818181818181818,0.3125,0.3260398898950585,104.2817184453825,33,-0.3369800550524707,0.1972588902380977,OK,FACTOR_LT_ONE,True,0.9418586066507527,False
1981-2014,Observed,Historical,351009,R10mm,days,days year-1,1981,2014,34,-53.0,4517.0,411.00344217595057,-0.7737101573401999,0.4391022120012493,No significant trend,False,-2.564960102161424,0.0103187669561413,Decreasing,True,-0.0944741532976827,-0.074074074074074,-0.3333333333333333,0.1428571428571428,0.0909903569129844,373.6659702578677,33,-0.4545048215435078,-0.1566225041798686,OK,FACTOR_LT_ONE,False,0.826205477844456,False
1981-2014,Observed,Historical,351010,R10mm,days,days year-1,1981,2014,34,24.0,4526.666666666667,1511.724818831733,0.3418523568345597,0.7324620055372998,No significant trend,False,0.5915500078009418,0.5541519587906809,No significant trend,False,0.0427807486631016,0.0434782608695652,-0.2666666666666666,0.238095238095238,0.3339598274296906,101.80865244086311,33,-0.3330200862851546,0.176761081913277,OK,FACTOR_LT_ONE,True,0.9418586066507527,False
1981-2014,Observed,Historical,351011,R10mm,days,days year-1,1981,2014,34,97.0,4513.0,993.909918839262,1.4290208529869883,0.1529982399666105,No significant trend,False,3.045073085402345,0.0023262377356931,Increasing,True,0.1729055258467023,0.16,-0.0588235294117647,0.3888888888888889,0.2202326432172084,154.38220012855624,33,-0.3898836783913957,0.0742551933389872,OK,FACTOR_LT_ONE,False,0.4808955510715804,False
1981-2014,Observed,Historical,351012,R10mm,days,days year-1,1981,2014,34,-78.0,4510.0,334.52209495538267,-1.146574963245519,0.2515573289230537,No significant trend,False,-4.2099634094780045,2.554120503865093e-05,Decreasing,True,-0.1390374331550802,-0.1111111111111111,-0.2758620689655172,0.08,0.0741734135156059,458.3852675574447,33,-0.462913293242197,-0.3057536961264904,OK,FACTOR_LT_ONE,False,0.6298961834037153,False
1981-2014,Observed,Historical,351201,R10mm,days,days year-1,1981,2014,34,-18.0,4524.0,1286.2197833845903,-0.2527479392162723,0.8004630001255958,No significant trend,False,-0.4740141746695151,0.6354897992591895,No significant trend,False,-0.0320855614973262,0.0,-0.35,0.2,0.2843102969461959,119.58764900602353,33,-0.357844851526902,-0.0579869646757111,OK,FACTOR_LT_ONE,True,0.9460017274211586,False
1981-2014,Observed,Historical,351001,R20mm,days,days year-1,1981,2014,34,-21.0,4490.333333333333,1292.0641407277988,-0.2984631408655824,0.7653497041419737,No significant trend,False,-0.5564010731122501,0.577936705469327,No significant trend,False,-0.0374331550802139,0.0,-0.2,0.1071428571428571,0.2877434802303761,118.1608006297087,33,-0.3561282598848119,-0.1061606160616061,OK,FACTOR_LT_ONE,True,0.9460017274211586,False
1981-2014,Observed,Historical,351002,R20mm,days,days year-1,1981,2014,34,4.0,4514.0,1963.0912216458844,0.0446519548929751,0.9643847299111908,No significant trend,False,0.067709719430009,0.9460167120837616,No significant trend,False,0.0071301247771836,0.0,-0.2352941176470588,0.2272727272727272,0.4348895041306788,78.18077851284134,33,-0.2825552479346606,0.3281835773710199,OK,FACTOR_LT_ONE,True,0.9850501169807164,False
1981-2014,Observed,Historical,351003,R20mm,days,days year-1,1981,2014,34,-157.0,4529.0,3859.2891381197705,-2.318053408619151,0.0204464186034108,Decreasing,True,-2.511140079738184,0.0120341933118001,Decreasing,True,-0.2798573975044563,-0.5,-0.8,-0.0952380952380952,0.8521283148862377,39.90009415957399,33,-0.0739358425568811,0.4852976372777123,OK,FACTOR_LT_ONE,True,0.12712338522990194,False
1981-2014,Observed,Historical,351004,R20mm,days,days year-1,1981,2014,34,-113.0,4507.666666666667,1684.6449314599076,-1.6681769882857451,0.0952805975866376,No significant trend,False,-2.7287505285782108,0.006357477872203,Decreasing,True,-0.2014260249554367,-0.1428571428571428,-0.2903225806451613,-0.0,0.373728817154457,90.97505581419551,33,-0.3131355914227715,0.4029980805712701,OK,FACTOR_LT_ONE,False,0.34936219115100453,False
1981-2014,Observed,Historical,351005,R20mm,days,days year-1,1981,2014,34,-128.0,4477.333333333333,1290.8568845496122,-1.897990379491751,0.0576973493587761,No significant trend,False,-3.5347985916769877,0.0004080860803433,Decreasing,True,-0.2281639928698752,-0.1739130434782608,-0.3571428571428571,-0.0,0.2883093101287103,117.9289006824696,33,-0.3558453449356448,0.174537837090691,OK,FACTOR_LT_ONE,False,0.2578350299470307,False
1981-2014,Observed,Historical,351006,R20mm,days,days year-1,1981,2014,34,127.0,4509.0,2174.710439468459,1.8764216167568355,0.060597408576361,No significant trend,False,2.701903447708375,0.0068943779883597,Increasing,True,0.2263814616755793,0.2,-0.0,0.3888888888888889,0.4823043777929605,70.49490231787867,33,-0.2588478111035197,0.1579787980110127,OK,FACTOR_LT_ONE,False,0.2598344441978895,False
1981-2014,Observed,Historical,351007,R20mm,days,days year-1,1981,2014,34,163.0,4495.666666666667,3600.1562313568425,2.41611701149028,0.0156870193035038,Increasing,True,2.699941415148009,0.0069351687205029,Increasing,True,0.2905525846702317,0.28,-0.0,0.5,0.8008058644673038,42.45723153216017,33,-0.099597067766348,0.4149932458556283,OK,FACTOR_LT_ONE,True,0.11216218802005215,False
1981-2014,Observed,Historical,351008,R20mm,days,days year-1,1981,2014,34,139.0,4493.666666666667,1020.5037135927608,2.058631716138103,0.0395295320752355,Increasing,True,4.319881081898685,1.5611330365141795e-05,Increasing,True,0.2477718360071301,0.1538461538461538,-0.0,0.3333333333333333,0.2270982227415089,149.71495412669952,33,-0.3864508886292455,0.215528501415319,OK,FACTOR_LT_ONE,True,0.19492148575029916,False
1981-2014,Observed,Historical,351009,R20mm,days,days year-1,1981,2014,34,7.0,4295.666666666667,1191.0033015777003,0.0915452812940019,0.9270593279921296,No significant trend,False,0.1738580353636787,0.8619770332107222,No significant trend,False,0.0124777183600713,0.0,-0.0416666666666666,0.0526315789473684,0.277256918191441,122.6299427324789,33,-0.3613715409042795,-0.3208453047028581,OK,FACTOR_LT_ONE,True,0.9627721221110771,False
1981-2014,Observed,Historical,351010,R20mm,days,days year-1,1981,2014,34,43.0,4387.0,1662.4095185824058,0.6341112718468269,0.5260082071030971,No significant trend,False,1.0301021223252689,0.3029620690672562,No significant trend,False,0.0766488413547237,0.0,-0.04,0.1111111111111111,0.3789399404108515,89.72398096420442,33,-0.3105300297945742,-0.1092114123366141,OK,FACTOR_LT_ONE,True,0.8477197524982653,False
1981-2014,Observed,Historical,351011,R20mm,days,days year-1,1981,2014,34,10.0,4504.0,629.5581143329003,0.1341044898934837,0.8933199492946138,No significant trend,False,0.3586944000364593,0.7198237181192874,No significant trend,False,0.017825311942959,0.0,-0.1538461538461538,0.2,0.1397775564682283,243.2436283698253,33,-0.4301112217658858,0.009310090343679,OK,FACTOR_LT_ONE,True,0.9538843188808157,False
1981-2014,Observed,Historical,351012,R20mm,days,days year-1,1981,2014,34,-61.0,4463.0,759.8727347206309,-0.8981271124430609,0.3691177861038877,No significant trend,False,-2.176610999411873,0.0295096037886893,Decreasing,True,-0.1087344028520499,-0.0588235294117647,-0.2142857142857142,0.0555555555555555,0.1702605276093728,199.69396593205613,33,-0.4148697361953136,-0.3099049647714238,OK,FACTOR_LT_ONE,False,0.7977102738547752,False
1981-2014,Observed,Historical,351201,R20mm,days,days year-1,1981,2014,34,-64.0,4496.0,769.2672003601751,-0.9395662283782324,0.3474401059767299,No significant trend,False,-2.271443515864926,0.0231201426500637,Decreasing,True,-0.1140819964349376,-0.0588235294117647,-0.2307692307692307,0.0909090909090909,0.1711003559519962,198.7137888219181,33,-0.4144498220240019,0.1192495462667248,OK,FACTOR_LT_ONE,False,0.7643682331488058,False
1981-2014,Observed,Historical,351001,R50mm,days,days year-1,1981,2014,34,-26.0,4326.0,495.1223050789513,-0.3800990210912008,0.7038719124104091,No significant trend,False,-1.1235276448626614,0.2612134663956481,No significant trend,False,-0.0463458110516934,0.0,-0.0625,0.0384615384615384,0.1144526826349864,297.065994586017,33,-0.4427736586825068,-0.3585286639174376,OK,FACTOR_LT_ONE,True,0.9418586066507527,False
1981-2014,Observed,Historical,351002,R50mm,days,days year-1,1981,2014,34,74.0,4414.0,1154.1671055884976,1.0987697532004854,0.2718685085011206,No significant trend,False,2.1487629835884707,0.0316531930913365,Increasing,True,0.1319073083778966,0.0357142857142857,-0.0,0.1153846153846153,0.2614787280445169,130.02969784299808,33,-0.3692606359777415,0.0486841915990916,OK,FACTOR_LT_ONE,False,0.6479532785943375,False
1981-2014,Observed,Historical,351003,R50mm,days,days year-1,1981,2014,34,-214.0,4438.0,1204.0075825313777,-3.1973188971055406,0.0013871148293725,Decreasing,True,-6.13853861898681,8.328406738710551e-10,Decreasing,True,-0.3814616755793226,-0.15,-0.2,-0.0555555555555555,0.2712950839412748,125.32479212693632,33,-0.3643524580293626,0.0928008374877876,OK,FACTOR_LT_ONE,True,0.02479467757503344,True
1981-2014,Observed,Historical,351004,R50mm,days,days year-1,1981,2014,34,86.0,4339.333333333333,758.9926370548209,1.2903496830322625,0.1969292739613933,No significant trend,False,3.0853195018698654,0.0020333359838969,Increasing,True,0.1532976827094474,0.0,-0.0,0.0833333333333333,0.174909963985594,194.3857240905974,33,-0.412545018007203,0.0224489795918367,OK,FACTOR_LT_ONE,False,0.558641751400933,False
1981-2014,Observed,Historical,351005,R50mm,days,days year-1,1981,2014,34,-88.0,4419.333333333333,659.7179044161902,-1.3087023209928574,0.190635205218189,No significant trend,False,-3.3871943576271164,0.0007061134568066,Decreasing,True,-0.1568627450980392,-0.0454545454545454,-0.125,-0.0,0.1492799602691635,227.7599748733541,33,-0.4253600198654182,-0.0662862940049238,OK,FACTOR_LT_ONE,False,0.5563435580857352,False
1981-2014,Observed,Historical,351006,R50mm,days,days year-1,1981,2014,34,158.0,1984.6666666666667,4292.290784142777,3.524162004895405,0.0004248244218845,Increasing,True,2.396376678971082,0.0165580643000769,Increasing,True,0.2816399286987522,0.0,-0.0,-0.0,2.162726293656085,15.720898247610917,33,0.5813631468280425,0.2783219652289861,OK,OK,True,0.010124982054913917,True
1981-2014,Observed,Historical,351007,R50mm,days,days year-1,1981,2014,34,214.0,2490.0,8124.791179629748,4.268545645499278,1.967515696968284e-05,Increasing,True,2.3630532024927238,0.0181250673772827,Increasing,True,0.3814616755793226,0.0,-0.0,-0.0,3.26296834523283,10.419960110760412,33,1.131484172616415,0.6223226132558287,OK,OK,True,0.0028135474466646463,True
1981-2014,Observed,Historical,351008,R50mm,days,days year-1,1981,2014,34,100.0,3947.3333333333335,2425.9617774751005,1.5757354062773936,0.1150867941121781,No significant trend,False,2.009986856769764,0.0444325799364251,Increasing,True,0.17825311942959,0.0,-0.0,0.0588235294117647,0.6145824465821061,55.322113719786685,33,-0.1927087767089469,0.1471155756079566,OK,FACTOR_LT_ONE,False,0.39184313233432067,False
1981-2014,Observed,Historical,351009,R50mm,days,days year-1,1981,2014,34,8.0,746.6666666666666,145.49019607843135,0.25617376914899,0.7978166621578462,No significant trend,False,0.5803382227892531,0.5616865562893727,No significant trend,False,0.0142602495543672,0.0,-0.0,-0.0,0.1948529411764705,174.49056603773587,33,-0.4025735294117647,-0.0643382352941176,OK,FACTOR_LT_ONE,True,0.9460017274211586,False
1981-2014,Observed,Historical,351010,R50mm,days,days year-1,1981,2014,34,49.0,747.6666666666666,469.9892217756667,1.7554450034260545,0.0791832199814302,No significant trend,False,2.2141002867229447,0.0268218809242919,Increasing,True,0.0873440285204991,0.0,-0.0,-0.0,0.6286079649251004,54.087765184539386,33,-0.1856960175374497,-0.057544757033248,OK,FACTOR_LT_ONE,False,0.30603244479309505,False
1981-2014,Observed,Historical,351011,R50mm,days,days year-1,1981,2014,34,40.0,4431.333333333333,739.5953187325956,0.5858647888163152,0.557966381046581,No significant trend,False,1.4340606866367769,0.1515549454696082,No significant trend,False,0.071301247771836,0.0,-0.05,0.1,0.1669013055662545,203.7132057454343,33,-0.4165493472168727,-0.0211639860279176,OK,FACTOR_LT_ONE,True,0.8487950565696535,False
1981-2014,Observed,Historical,351012,R50mm,days,days year-1,1981,2014,34,-16.0,4419.333333333333,544.0220996732053,-0.225638331205665,0.8214827255712087,No significant trend,False,-0.6431066315067865,0.5201549117827788,No significant trend,False,-0.0285204991087344,0.0,-0.074074074074074,0.0625,0.123100490196079,276.1971129915367,33,-0.4384497549019605,-0.0716299019607843,OK,FACTOR_LT_ONE,True,0.9473550786829261,False
1981-2014,Observed,Historical,351201,R50mm,days,days year-1,1981,2014,34,-30.0,4400.0,664.4608440209205,-0.4371914496377572,0.6619725101343814,No significant trend,False,-1.1250279215636927,0.2605772026049269,No significant trend,False,-0.053475935828877,0.0,-0.0769230769230769,0.0526315789473684,0.1510138281865728,225.14494472647945,33,-0.4244930859067136,-0.1679085763416207,OK,FACTOR_LT_ONE,True,0.926026584186202,False
1981-2014,Observed,Historical,351001,R95p,mm,mm year-1,1981,2014,34,-83.0,4550.333333333333,339.3186653633643,-1.215604352507741,0.2241356753257077,No significant trend,False,-4.451536895969814,8.525787998354558e-06,Decreasing,True,-0.1479500891265597,-2.273333333333331,-8.06666666666667,2.333333333333333,0.074570067840458,455.9470171428927,33,-0.462714966079771,-0.2774778918586323,OK,FACTOR_LT_ONE,False,0.58275275584684,False
1981-2014,Observed,Historical,351002,R95p,mm,mm year-1,1981,2014,34,66.0,4549.333333333333,1490.8086632591026,0.9636947145911056,0.3351990049886287,No significant trend,False,1.6834584532623793,0.0922863757391533,No significant trend,False,0.1176470588235294,2.263157894736842,-2.75,10.365000000000002,0.3276982700598848,103.75398073900942,33,-0.3361508649700576,0.1240508274930113,OK,FACTOR_LT_ONE,True,0.7489602767714673,False
1981-2014,Observed,Historical,351003,R95p,mm,mm year-1,1981,2014,34,-205.0,4533.666666666667,1993.8951804482265,-3.029740096052581,0.0024476427010192,Decreasing,True,-4.5685565563553405,4.910945611441494e-06,Decreasing,True,-0.3654188948306595,-13.400000000000093,-18.074074074074076,-6.409090909090909,0.4397974811664347,77.30830997445666,33,-0.2801012594167826,0.2624174499957331,OK,FACTOR_LT_ONE,True,0.0324093579191681,True
1981-2014,Observed,Historical,351004,R95p,mm,mm year-1,1981,2014,34,77.0,4550.333333333333,779.8806566012436,1.1266576925681495,0.2598872365092252,No significant trend,False,2.7214447257649006,0.0064997253891368,Increasing,True,0.1372549019607843,3.252631578947369,-3.8625000000000007,8.293333333333333,0.171389786081879,198.37821597931736,33,-0.4143051069590605,0.0851571890691007,OK,FACTOR_LT_ONE,False,0.6298961834037153,False
1981-2014,Observed,Historical,351005,R95p,mm,mm year-1,1981,2014,34,-90.0,4546.666666666667,564.9953988624256,-1.3199073547866689,0.1868659517140197,No significant trend,False,-3.7442733869891343,0.0001809165795449,Decreasing,True,-0.160427807486631,-5.100000000000023,-12.191666666666665,2.8272727272727294,0.124265850189683,273.6069479112837,33,-0.4378670749051584,0.026332700482327,OK,FACTOR_LT_ONE,False,0.5563435580857352,False
1981-2014,Observed,Historical,351006,R95p,mm,mm year-1,1981,2014,34,121.0,4550.333333333333,5334.221455592549,1.7789331987918156,0.0752507144724836,No significant trend,False,1.6430308770575477,0.1003765449350701,No significant trend,False,0.2156862745098039,5.000000000000004,-0.9749999999999944,12.706666666666656,1.1722704832450113,29.003545244850976,33,0.0861352416225056,0.2948561776039136,OK,OK,True,0.29891256026569873,False
1981-2014,Observed,Historical,351007,R95p,mm,mm year-1,1981,2014,34,159.0,4550.333333333333,6634.181777771345,2.3422620450758904,0.0191672520432151,Increasing,True,1.939828802400565,0.0524004990383244,No significant trend,False,0.2834224598930481,9.7,0.6333333333333321,22.575,1.457955119281667,23.320333767716917,33,0.2289775596408335,0.4525510648312749,OK,OK,False,0.12458713828089815,False
1981-2014,Observed,Historical,351008,R95p,mm,mm year-1,1981,2014,34,121.0,4550.333333333333,1015.8959108290086,1.7789331987918156,0.0752507144724836,No significant trend,False,3.7649276941361727,0.0001665972838529,Increasing,True,0.2156862745098039,5.511764705882351,-0.4599999999999994,12.15,0.2232574706971669,152.2905365443229,33,-0.3883712646514165,0.2822145947405045,OK,FACTOR_LT_ONE,False,0.29891256026569873,False
1981-2014,Observed,Historical,351009,R95p,mm,mm year-1,1981,2014,34,-1.0,4550.333333333333,440.9257652866248,0.0,1.0,No significant trend,False,0.0,1.0,No significant trend,False,-0.0017825311942959,-0.0277777777777769,-2.8529411764705883,2.583333333333332,0.0968996627250659,350.87841426722446,33,-0.451550168637467,-0.3489810607699922,OK,FACTOR_LT_ONE,True,1.0,False
1981-2014,Observed,Historical,351010,R95p,mm,mm year-1,1981,2014,34,-43.0,4550.333333333333,635.6271601649399,-0.6226266195771354,0.5335299141597474,No significant trend,False,-1.665896697700563,0.0957339914840209,No significant trend,False,-0.0766488413547237,-1.046153846153848,-4.869999999999993,2.566666666666682,0.1396880434030342,243.39950057072295,33,-0.4301559782984829,0.0759494610212758,OK,FACTOR_LT_ONE,True,0.8477197524982653,False
1981-2014,Observed,Historical,351011,R95p,mm,mm year-1,1981,2014,34,37.0,4550.333333333333,634.9972516215208,0.5336799596375447,0.5935629766221353,No significant trend,False,1.4286195138853337,0.15311362236391,No significant trend,False,0.0659536541889483,1.8833333333333355,-6.182352941176468,9.991666666666667,0.139549612106407,243.64094952893805,33,-0.4302251939467965,-0.0118692865431389,OK,FACTOR_LT_ONE,True,0.8487950565696535,False
1981-2014,Observed,Historical,351012,R95p,mm,mm year-1,1981,2014,34,-15.0,4550.333333333333,715.1059308464424,-0.2075422065257118,0.8355864341125854,No significant trend,False,-0.5235315339260089,0.6006044126355788,No significant trend,False,-0.0267379679144385,-1.063636363636373,-7.373333333333331,6.730434782608692,0.1571546254881933,216.3474342188823,33,-0.4214226872559033,-0.2179298623859736,OK,FACTOR_LT_ONE,True,0.9483242863341247,False
1981-2014,Observed,Historical,351201,R95p,mm,mm year-1,1981,2014,34,-37.0,4550.333333333333,1144.3345621327633,-0.5336799596375447,0.5935629766221353,No significant trend,False,-1.0642067108399973,0.2872350676021994,No significant trend,False,-0.0659536541889483,-1.5,-7.270000000000001,4.989473684210524,0.2514836778549769,135.19764101591824,33,-0.3742581610725115,-0.2768757414924567,OK,FACTOR_LT_ONE,True,0.8487950565696535,False
1981-2014,Observed,Historical,351001,R99p,mm,mm year-1,1981,2014,34,-44.0,4216.666666666667,514.6590878180745,-0.6621918330177555,0.5078482875902075,No significant trend,False,-1.8954338514005464,0.0580349475256722,No significant trend,False,-0.0784313725490196,0.0,-3.65625,-0.0,0.122053538612982,278.5662782609699,33,-0.4389732306935089,-0.3014203647375199,OK,FACTOR_LT_ONE,True,0.8477197524982653,False
1981-2014,Observed,Historical,351002,R99p,mm,mm year-1,1981,2014,34,80.0,3853.3333333333335,2582.981931089508,1.2726494718502388,0.2031424550548847,No significant trend,False,1.554412955216386,0.1200859449558277,No significant trend,False,0.142602495543672,0.0,-0.0,3.417391304347826,0.6703240305595608,50.72173821907906,33,-0.1648379847202196,0.0040257102251011,OK,FACTOR_LT_ONE,True,0.558641751400933,False
1981-2014,Observed,Historical,351003,R99p,mm,mm year-1,1981,2014,34,-191.0,4337.666666666667,612.7240337886401,-2.884865124054372,0.0039158138525313,Decreasing,True,-7.675755688466671,1.6444628462378823e-14,Decreasing,True,-0.3404634581105169,-4.760869565217392,-8.082352941176472,-0.0,0.1412565973538707,240.69672239679164,33,-0.4293717013230646,0.0322223277376921,OK,FACTOR_LT_ONE,True,0.03999724149371257,True
1981-2014,Observed,Historical,351004,R99p,mm,mm year-1,1981,2014,34,101.0,3961.0,1496.9828596398215,1.588903708917906,0.112082133719622,No significant trend,False,2.584589562386127,0.0097494979486164,Increasing,True,0.1800356506238859,0.0,-0.0,4.9,0.3779305376520629,89.96362191642126,33,-0.3110347311739685,0.1160674292614596,OK,FACTOR_LT_ONE,False,0.39092061272941336,False
1981-2014,Observed,Historical,351005,R99p,mm,mm year-1,1981,2014,34,-30.0,4216.666666666667,475.9904385196697,-0.4465944920352305,0.6551678732125135,No significant trend,False,-1.3292261709364026,0.1837733632813578,No significant trend,False,-0.053475935828877,0.0,-2.919999999999999,0.1115384615384612,0.1128831079493287,301.1965263683385,33,-0.4435584460253356,0.106760332773627,OK,FACTOR_LT_ONE,True,0.926026584186202,False
1981-2014,Observed,Historical,351006,R99p,mm,mm year-1,1981,2014,34,151.0,3961.0,8823.453835094708,2.383355563376859,0.0171556152116687,Increasing,True,1.5968787811993472,0.1102927304879444,No significant trend,False,0.2691622103386809,0.3095238095238095,-0.0,5.185714285714285,2.227582387047389,15.263184067937546,33,0.6137911935236946,0.3956693957613142,OK,OK,False,0.11682157025088687,False
1981-2014,Observed,Historical,351007,R99p,mm,mm year-1,1981,2014,34,229.0,3453.6666666666665,8637.028508143436,3.87966866807428,0.0001045988487747,Increasing,True,2.4533113635728507,0.0141547758074032,Increasing,True,0.4081996434937611,2.8400000000000003,-0.0,11.385714285714284,2.500828638589934,13.595493699708486,33,0.7504143192949672,0.4949669334064593,OK,OK,True,0.0049858784582607,True
1981-2014,Observed,Historical,351008,R99p,mm,mm year-1,1981,2014,34,89.0,4384.333333333333,1197.9540589629178,1.329018080964343,0.1838420047176558,No significant trend,False,2.542509535977187,0.0110059597952811,Increasing,True,0.1586452762923351,1.792857142857143,-0.0,6.274999999999999,0.2732351689263859,124.43493322472033,33,-0.363382415536807,0.1806873021908793,OK,FACTOR_LT_ONE,False,0.5563435580857352,False
1981-2014,Observed,Historical,351009,R99p,mm,mm year-1,1981,2014,34,10.0,4522.0,1138.8116174429872,0.1338373196427154,0.8935312158519928,No significant trend,False,0.2666960386584524,0.7897032041791107,No significant trend,False,0.017825311942959,0.0,-1.5125,2.0199999999999987,0.2518380401244996,135.0074038981229,33,-0.3740809799377502,-0.2616517411338839,OK,FACTOR_LT_ONE,True,0.9538843188808157,False
1981-2014,Observed,Historical,351010,R99p,mm,mm year-1,1981,2014,34,58.0,4506.0,940.5805872535676,0.8491399267374962,0.3958034357526383,No significant trend,False,1.858561130364596,0.0630893709527491,No significant trend,False,0.1033868092691622,0.5333333333333327,-1.1722222222222225,2.57,0.2087395888268015,162.88237507361853,33,-0.3956302055865992,-0.0593973548919026,OK,FACTOR_LT_ONE,True,0.7994980063807211,False
1981-2014,Observed,Historical,351011,R99p,mm,mm year-1,1981,2014,34,-11.0,3961.0,557.1138035542726,-0.1588903708917906,0.8737552472336789,No significant trend,False,-0.4236703196791209,0.6718062637255338,No significant trend,False,-0.0196078431372549,0.0,-0.0,-0.0,0.1406497863050423,241.73516997928843,33,-0.4296751068474788,0.0235002908887381,OK,FACTOR_LT_ONE,True,0.9538843188808157,False
1981-2014,Observed,Historical,351012,R99p,mm,mm year-1,1981,2014,34,16.0,4142.0,808.0325461532298,0.2330699117774614,0.8157071184783994,No significant trend,False,0.5276875310561948,0.5977162289591227,No significant trend,False,0.0285204991087344,0.0,-0.7666666666666667,1.4159999999999997,0.1950827006647102,174.28505902445957,33,-0.4024586496676449,-0.222098424513404,OK,FACTOR_LT_ONE,True,0.9473550786829261,False
1981-2014,Observed,Historical,351201,R99p,mm,mm year-1,1981,2014,34,28.0,4142.0,750.7313447835229,0.4195258411994305,0.6748318731980103,No significant trend,False,0.98542026593085,0.3244176790565665,No significant trend,False,0.0499108734402852,0.0,-0.0,3.1153846153846154,0.1812485139506332,187.5877449084112,33,-0.4093757430246834,-0.1483276745428288,OK,FACTOR_LT_ONE,True,0.9278938256472642,False
