source_type,model,season_type,station,ENSO_phase,index,neutral_value,phase_value,abs_response,pct_response
OBSERVED,OBSERVED,HOT_DRY,351001,EL_NINO,PRCPTOT,202.94,168.05,-34.89,-17.19
OBSERVED,OBSERVED,HOT_DRY,351001,EL_NINO,wet_day_freq,7.732,5.248,-2.485,-32.13
OBSERVED,OBSERVED,HOT_DRY,351001,EL_NINO,SDII,16.984,36.148,19.164,112.83
OBSERVED,OBSERVED,HOT_DRY,351001,EL_NINO,Rx1day,82.72,76.6,-6.12,-7.4
OBSERVED,OBSERVED,HOT_DRY,351001,EL_NINO,Rx5day,99.2,105.625,6.425,6.48
OBSERVED,OBSERVED,HOT_DRY,351001,EL_NINO,R20mm,3.0,2.75,-0.25,-8.33
OBSERVED,OBSERVED,HOT_DRY,351001,EL_NINO,R50mm,0.6,1.0,0.4,66.67
OBSERVED,OBSERVED,HOT_DRY,351001,EL_NINO,R95p,80.96,92.55,11.59,14.32
OBSERVED,OBSERVED,HOT_DRY,351001,EL_NINO,R99p,60.14,38.925,-21.215,-35.28
OBSERVED,OBSERVED,HOT_DRY,351001,EL_NINO,CDD,69.6,96.25,26.65,38.29
OBSERVED,OBSERVED,HOT_DRY,351001,EL_NINO,CWD,3.0,2.25,-0.75,-25.0
OBSERVED,OBSERVED,HOT_DRY,351001,LA_NINA,PRCPTOT,202.94,187.6,-15.34,-7.56
OBSERVED,OBSERVED,HOT_DRY,351001,LA_NINA,wet_day_freq,7.732,8.453,0.721,9.33
OBSERVED,OBSERVED,HOT_DRY,351001,LA_NINA,SDII,16.984,12.55,-4.434,-26.11
OBSERVED,OBSERVED,HOT_DRY,351001,LA_NINA,Rx1day,82.72,50.133,-32.587,-39.39
OBSERVED,OBSERVED,HOT_DRY,351001,LA_NINA,Rx5day,99.2,78.044,-21.156,-21.33
OBSERVED,OBSERVED,HOT_DRY,351001,LA_NINA,R20mm,3.0,3.111,0.111,3.7
OBSERVED,OBSERVED,HOT_DRY,351001,LA_NINA,R50mm,0.6,0.778,0.178,29.63
OBSERVED,OBSERVED,HOT_DRY,351001,LA_NINA,R95p,80.96,48.667,-32.293,-39.89
OBSERVED,OBSERVED,HOT_DRY,351001,LA_NINA,R99p,60.14,10.233,-49.907,-82.98
OBSERVED,OBSERVED,HOT_DRY,351001,LA_NINA,CDD,69.6,76.0,6.4,9.2
OBSERVED,OBSERVED,HOT_DRY,351001,LA_NINA,CWD,3.0,4.444,1.444,48.15
OBSERVED,OBSERVED,HOT_DRY,351002,EL_NINO,PRCPTOT,169.9,184.2,14.3,8.42
OBSERVED,OBSERVED,HOT_DRY,351002,EL_NINO,wet_day_freq,7.616,5.66,-1.956,-25.68
OBSERVED,OBSERVED,HOT_DRY,351002,EL_NINO,SDII,11.84,18.438,6.598,55.72
OBSERVED,OBSERVED,HOT_DRY,351002,EL_NINO,Rx1day,44.12,69.35,25.23,57.18
OBSERVED,OBSERVED,HOT_DRY,351002,EL_NINO,Rx5day,60.64,73.4,12.76,21.04
OBSERVED,OBSERVED,HOT_DRY,351002,EL_NINO,R20mm,1.8,2.75,0.95,52.78
OBSERVED,OBSERVED,HOT_DRY,351002,EL_NINO,R50mm,0.4,0.75,0.35,87.5
OBSERVED,OBSERVED,HOT_DRY,351002,EL_NINO,R95p,29.84,81.575,51.735,173.37
OBSERVED,OBSERVED,HOT_DRY,351002,EL_NINO,R99p,18.0,59.225,41.225,229.03
OBSERVED,OBSERVED,HOT_DRY,351002,EL_NINO,CDD,83.2,70.75,-12.45,-14.96
OBSERVED,OBSERVED,HOT_DRY,351002,EL_NINO,CWD,3.0,2.75,-0.25,-8.33
OBSERVED,OBSERVED,HOT_DRY,351002,LA_NINA,PRCPTOT,169.9,187.289,17.389,10.23
OBSERVED,OBSERVED,HOT_DRY,351002,LA_NINA,wet_day_freq,7.616,8.387,0.771,10.12
OBSERVED,OBSERVED,HOT_DRY,351002,LA_NINA,SDII,11.84,12.433,0.593,5.01
OBSERVED,OBSERVED,HOT_DRY,351002,LA_NINA,Rx1day,44.12,51.667,7.547,17.1
OBSERVED,OBSERVED,HOT_DRY,351002,LA_NINA,Rx5day,60.64,83.433,22.793,37.59
OBSERVED,OBSERVED,HOT_DRY,351002,LA_NINA,R20mm,1.8,2.667,0.867,48.15
OBSERVED,OBSERVED,HOT_DRY,351002,LA_NINA,R50mm,0.4,0.556,0.156,38.89
OBSERVED,OBSERVED,HOT_DRY,351002,LA_NINA,R95p,29.84,50.856,21.016,70.43
OBSERVED,OBSERVED,HOT_DRY,351002,LA_NINA,R99p,18.0,9.733,-8.267,-45.93
OBSERVED,OBSERVED,HOT_DRY,351002,LA_NINA,CDD,83.2,90.444,7.244,8.71
OBSERVED,OBSERVED,HOT_DRY,351002,LA_NINA,CWD,3.0,3.889,0.889,29.63
OBSERVED,OBSERVED,HOT_DRY,351003,EL_NINO,PRCPTOT,271.84,209.0,-62.84,-23.12
OBSERVED,OBSERVED,HOT_DRY,351003,EL_NINO,wet_day_freq,22.752,17.125,-5.627,-24.73
OBSERVED,OBSERVED,HOT_DRY,351003,EL_NINO,SDII,8.742,8.125,-0.617,-7.06
OBSERVED,OBSERVED,HOT_DRY,351003,EL_NINO,Rx1day,43.3,33.025,-10.275,-23.73
OBSERVED,OBSERVED,HOT_DRY,351003,EL_NINO,Rx5day,87.24,48.375,-38.865,-44.55
OBSERVED,OBSERVED,HOT_DRY,351003,EL_NINO,R20mm,2.8,1.75,-1.05,-37.5
OBSERVED,OBSERVED,HOT_DRY,351003,EL_NINO,R50mm,0.4,0.5,0.1,25.0
OBSERVED,OBSERVED,HOT_DRY,351003,EL_NINO,R95p,26.92,40.8,13.88,51.56
OBSERVED,OBSERVED,HOT_DRY,351003,EL_NINO,R99p,15.52,0.0,-15.52,-100.0
OBSERVED,OBSERVED,HOT_DRY,351003,EL_NINO,CDD,59.0,46.0,-13.0,-22.03
OBSERVED,OBSERVED,HOT_DRY,351003,EL_NINO,CWD,12.0,4.75,-7.25,-60.42
OBSERVED,OBSERVED,HOT_DRY,351003,LA_NINA,PRCPTOT,271.84,308.856,37.016,13.62
OBSERVED,OBSERVED,HOT_DRY,351003,LA_NINA,wet_day_freq,22.752,24.869,2.117,9.3
OBSERVED,OBSERVED,HOT_DRY,351003,LA_NINA,SDII,8.742,11.724,2.982,34.12
OBSERVED,OBSERVED,HOT_DRY,351003,LA_NINA,Rx1day,43.3,43.889,0.589,1.36
OBSERVED,OBSERVED,HOT_DRY,351003,LA_NINA,Rx5day,87.24,75.078,-12.162,-13.94
OBSERVED,OBSERVED,HOT_DRY,351003,LA_NINA,R20mm,2.8,3.333,0.533,19.05
OBSERVED,OBSERVED,HOT_DRY,351003,LA_NINA,R50mm,0.4,0.333,-0.067,-16.67
OBSERVED,OBSERVED,HOT_DRY,351003,LA_NINA,R95p,26.92,49.389,22.469,83.47
OBSERVED,OBSERVED,HOT_DRY,351003,LA_NINA,R99p,15.52,8.089,-7.431,-47.88
OBSERVED,OBSERVED,HOT_DRY,351003,LA_NINA,CDD,59.0,57.556,-1.444,-2.45
OBSERVED,OBSERVED,HOT_DRY,351003,LA_NINA,CWD,12.0,9.333,-2.667,-22.22
OBSERVED,OBSERVED,HOT_DRY,351004,EL_NINO,PRCPTOT,236.16,185.975,-50.185,-21.25
OBSERVED,OBSERVED,HOT_DRY,351004,EL_NINO,wet_day_freq,7.952,8.562,0.61,7.68
OBSERVED,OBSERVED,HOT_DRY,351004,EL_NINO,SDII,15.77,12.295,-3.475,-22.04
OBSERVED,OBSERVED,HOT_DRY,351004,EL_NINO,Rx1day,70.82,55.125,-15.695,-22.16
OBSERVED,OBSERVED,HOT_DRY,351004,EL_NINO,Rx5day,103.28,65.6,-37.68,-36.48
OBSERVED,OBSERVED,HOT_DRY,351004,EL_NINO,R20mm,2.8,2.5,-0.3,-10.71
OBSERVED,OBSERVED,HOT_DRY,351004,EL_NINO,R50mm,0.8,0.5,-0.3,-37.5
OBSERVED,OBSERVED,HOT_DRY,351004,EL_NINO,R95p,99.82,49.35,-50.47,-50.56
OBSERVED,OBSERVED,HOT_DRY,351004,EL_NINO,R99p,52.3,25.1,-27.2,-52.01
OBSERVED,OBSERVED,HOT_DRY,351004,EL_NINO,CDD,84.0,62.75,-21.25,-25.3
OBSERVED,OBSERVED,HOT_DRY,351004,EL_NINO,CWD,4.2,2.75,-1.45,-34.52
OBSERVED,OBSERVED,HOT_DRY,351004,LA_NINA,PRCPTOT,236.16,215.611,-20.549,-8.7
OBSERVED,OBSERVED,HOT_DRY,351004,LA_NINA,wet_day_freq,7.952,8.08,0.128,1.61
OBSERVED,OBSERVED,HOT_DRY,351004,LA_NINA,SDII,15.77,15.434,-0.336,-2.13
OBSERVED,OBSERVED,HOT_DRY,351004,LA_NINA,Rx1day,70.82,55.533,-15.287,-21.59
OBSERVED,OBSERVED,HOT_DRY,351004,LA_NINA,Rx5day,103.28,93.878,-9.402,-9.1
OBSERVED,OBSERVED,HOT_DRY,351004,LA_NINA,R20mm,2.8,3.889,1.089,38.89
OBSERVED,OBSERVED,HOT_DRY,351004,LA_NINA,R50mm,0.8,0.444,-0.356,-44.44
OBSERVED,OBSERVED,HOT_DRY,351004,LA_NINA,R95p,99.82,53.356,-46.464,-46.55
OBSERVED,OBSERVED,HOT_DRY,351004,LA_NINA,R99p,52.3,26.089,-26.211,-50.12
OBSERVED,OBSERVED,HOT_DRY,351004,LA_NINA,CDD,84.0,77.556,-6.444,-7.67
OBSERVED,OBSERVED,HOT_DRY,351004,LA_NINA,CWD,4.2,3.778,-0.422,-10.05
OBSERVED,OBSERVED,HOT_DRY,351005,EL_NINO,PRCPTOT,242.58,144.4,-98.18,-40.47
OBSERVED,OBSERVED,HOT_DRY,351005,EL_NINO,wet_day_freq,16.35,8.422,-7.928,-48.49
OBSERVED,OBSERVED,HOT_DRY,351005,EL_NINO,SDII,9.736,10.027,0.291,2.99
OBSERVED,OBSERVED,HOT_DRY,351005,EL_NINO,Rx1day,43.58,32.7,-10.88,-24.97
OBSERVED,OBSERVED,HOT_DRY,351005,EL_NINO,Rx5day,69.96,40.1,-29.86,-42.68
OBSERVED,OBSERVED,HOT_DRY,351005,EL_NINO,R20mm,3.4,1.75,-1.65,-48.53
OBSERVED,OBSERVED,HOT_DRY,351005,EL_NINO,R50mm,0.4,0.0,-0.4,-100.0
OBSERVED,OBSERVED,HOT_DRY,351005,EL_NINO,R95p,25.66,11.275,-14.385,-56.06
OBSERVED,OBSERVED,HOT_DRY,351005,EL_NINO,R99p,0.0,0.0,0.0,0.0
OBSERVED,OBSERVED,HOT_DRY,351005,EL_NINO,CDD,70.6,69.25,-1.35,-1.91
OBSERVED,OBSERVED,HOT_DRY,351005,EL_NINO,CWD,8.4,3.25,-5.15,-61.31
OBSERVED,OBSERVED,HOT_DRY,351005,LA_NINA,PRCPTOT,242.58,295.067,52.487,21.64
OBSERVED,OBSERVED,HOT_DRY,351005,LA_NINA,wet_day_freq,16.35,14.138,-2.212,-13.53
OBSERVED,OBSERVED,HOT_DRY,351005,LA_NINA,SDII,9.736,13.74,4.004,41.13
OBSERVED,OBSERVED,HOT_DRY,351005,LA_NINA,Rx1day,43.58,59.856,16.276,37.35
OBSERVED,OBSERVED,HOT_DRY,351005,LA_NINA,Rx5day,69.96,96.511,26.551,37.95
OBSERVED,OBSERVED,HOT_DRY,351005,LA_NINA,R20mm,3.4,3.889,0.489,14.38
OBSERVED,OBSERVED,HOT_DRY,351005,LA_NINA,R50mm,0.4,0.889,0.489,122.22
OBSERVED,OBSERVED,HOT_DRY,351005,LA_NINA,R95p,25.66,98.322,72.662,283.17
OBSERVED,OBSERVED,HOT_DRY,351005,LA_NINA,R99p,0.0,47.933,47.933,0.0
OBSERVED,OBSERVED,HOT_DRY,351005,LA_NINA,CDD,70.6,69.222,-1.378,-1.95
OBSERVED,OBSERVED,HOT_DRY,351005,LA_NINA,CWD,8.4,4.889,-3.511,-41.8
OBSERVED,OBSERVED,HOT_DRY,351006,EL_NINO,PRCPTOT,334.68,177.15,-157.53,-47.07
OBSERVED,OBSERVED,HOT_DRY,351006,EL_NINO,wet_day_freq,16.556,18.645,2.089,12.62
OBSERVED,OBSERVED,HOT_DRY,351006,EL_NINO,SDII,15.35,6.82,-8.53,-55.57
OBSERVED,OBSERVED,HOT_DRY,351006,EL_NINO,Rx1day,60.92,22.475,-38.445,-63.11
OBSERVED,OBSERVED,HOT_DRY,351006,EL_NINO,Rx5day,101.14,37.925,-63.215,-62.5
OBSERVED,OBSERVED,HOT_DRY,351006,EL_NINO,R20mm,4.2,0.5,-3.7,-88.1
OBSERVED,OBSERVED,HOT_DRY,351006,EL_NINO,R50mm,1.0,0.0,-1.0,-100.0
OBSERVED,OBSERVED,HOT_DRY,351006,EL_NINO,R95p,200.52,14.65,-185.87,-92.69
OBSERVED,OBSERVED,HOT_DRY,351006,EL_NINO,R99p,147.38,9.625,-137.755,-93.47
OBSERVED,OBSERVED,HOT_DRY,351006,EL_NINO,CDD,51.8,49.5,-2.3,-4.44
OBSERVED,OBSERVED,HOT_DRY,351006,EL_NINO,CWD,6.2,6.25,0.05,0.81
OBSERVED,OBSERVED,HOT_DRY,351006,LA_NINA,PRCPTOT,334.68,287.933,-46.747,-13.97
OBSERVED,OBSERVED,HOT_DRY,351006,LA_NINA,wet_day_freq,16.556,21.741,5.185,31.32
OBSERVED,OBSERVED,HOT_DRY,351006,LA_NINA,SDII,15.35,10.33,-5.02,-32.7
OBSERVED,OBSERVED,HOT_DRY,351006,LA_NINA,Rx1day,60.92,39.122,-21.798,-35.78
OBSERVED,OBSERVED,HOT_DRY,351006,LA_NINA,Rx5day,101.14,78.044,-23.096,-22.84
OBSERVED,OBSERVED,HOT_DRY,351006,LA_NINA,R20mm,4.2,3.222,-0.978,-23.28
OBSERVED,OBSERVED,HOT_DRY,351006,LA_NINA,R50mm,1.0,0.444,-0.556,-55.56
OBSERVED,OBSERVED,HOT_DRY,351006,LA_NINA,R95p,200.52,114.144,-86.376,-43.08
OBSERVED,OBSERVED,HOT_DRY,351006,LA_NINA,R99p,147.38,59.778,-87.602,-59.44
OBSERVED,OBSERVED,HOT_DRY,351006,LA_NINA,CDD,51.8,54.556,2.756,5.32
OBSERVED,OBSERVED,HOT_DRY,351006,LA_NINA,CWD,6.2,10.333,4.133,66.67
OBSERVED,OBSERVED,HOT_DRY,351007,EL_NINO,PRCPTOT,342.52,213.9,-128.62,-37.55
OBSERVED,OBSERVED,HOT_DRY,351007,EL_NINO,wet_day_freq,17.218,19.615,2.397,13.92
OBSERVED,OBSERVED,HOT_DRY,351007,EL_NINO,SDII,16.71,8.75,-7.96,-47.64
OBSERVED,OBSERVED,HOT_DRY,351007,EL_NINO,Rx1day,62.82,41.35,-21.47,-34.18
OBSERVED,OBSERVED,HOT_DRY,351007,EL_NINO,Rx5day,103.7,57.55,-46.15,-44.5
OBSERVED,OBSERVED,HOT_DRY,351007,EL_NINO,R20mm,4.2,1.25,-2.95,-70.24
OBSERVED,OBSERVED,HOT_DRY,351007,EL_NINO,R50mm,1.2,0.25,-0.95,-79.17
OBSERVED,OBSERVED,HOT_DRY,351007,EL_NINO,R95p,211.62,54.275,-157.345,-74.35
OBSERVED,OBSERVED,HOT_DRY,351007,EL_NINO,R99p,160.54,27.15,-133.39,-83.09
OBSERVED,OBSERVED,HOT_DRY,351007,EL_NINO,CDD,51.8,44.0,-7.8,-15.06
OBSERVED,OBSERVED,HOT_DRY,351007,EL_NINO,CWD,6.2,6.25,0.05,0.81
OBSERVED,OBSERVED,HOT_DRY,351007,LA_NINA,PRCPTOT,342.52,356.289,13.769,4.02
OBSERVED,OBSERVED,HOT_DRY,351007,LA_NINA,wet_day_freq,17.218,24.012,6.794,39.46
OBSERVED,OBSERVED,HOT_DRY,351007,LA_NINA,SDII,16.71,11.439,-5.271,-31.54
OBSERVED,OBSERVED,HOT_DRY,351007,LA_NINA,Rx1day,62.82,48.678,-14.142,-22.51
OBSERVED,OBSERVED,HOT_DRY,351007,LA_NINA,Rx5day,103.7,106.389,2.689,2.59
OBSERVED,OBSERVED,HOT_DRY,351007,LA_NINA,R20mm,4.2,3.444,-0.756,-17.99
OBSERVED,OBSERVED,HOT_DRY,351007,LA_NINA,R50mm,1.2,0.889,-0.311,-25.93
OBSERVED,OBSERVED,HOT_DRY,351007,LA_NINA,R95p,211.62,164.411,-47.209,-22.31
OBSERVED,OBSERVED,HOT_DRY,351007,LA_NINA,R99p,160.54,106.767,-53.773,-33.5
OBSERVED,OBSERVED,HOT_DRY,351007,LA_NINA,CDD,51.8,40.444,-11.356,-21.92
OBSERVED,OBSERVED,HOT_DRY,351007,LA_NINA,CWD,6.2,10.556,4.356,70.25
OBSERVED,OBSERVED,HOT_DRY,351008,EL_NINO,PRCPTOT,340.12,277.1,-63.02,-18.53
OBSERVED,OBSERVED,HOT_DRY,351008,EL_NINO,wet_day_freq,13.8,18.785,4.985,36.12
OBSERVED,OBSERVED,HOT_DRY,351008,EL_NINO,SDII,20.242,8.555,-11.687,-57.74
OBSERVED,OBSERVED,HOT_DRY,351008,EL_NINO,Rx1day,79.44,71.25,-8.19,-10.31
OBSERVED,OBSERVED,HOT_DRY,351008,EL_NINO,Rx5day,124.68,103.7,-20.98,-16.83
OBSERVED,OBSERVED,HOT_DRY,351008,EL_NINO,R20mm,4.2,3.0,-1.2,-28.57
OBSERVED,OBSERVED,HOT_DRY,351008,EL_NINO,R50mm,1.4,1.0,-0.4,-28.57
OBSERVED,OBSERVED,HOT_DRY,351008,EL_NINO,R95p,222.22,125.325,-96.895,-43.6
OBSERVED,OBSERVED,HOT_DRY,351008,EL_NINO,R99p,154.74,81.1,-73.64,-47.59
OBSERVED,OBSERVED,HOT_DRY,351008,EL_NINO,CDD,59.4,43.0,-16.4,-27.61
OBSERVED,OBSERVED,HOT_DRY,351008,EL_NINO,CWD,4.6,7.0,2.4,52.17
OBSERVED,OBSERVED,HOT_DRY,351008,LA_NINA,PRCPTOT,340.12,320.8,-19.32,-5.68
OBSERVED,OBSERVED,HOT_DRY,351008,LA_NINA,wet_day_freq,13.8,24.501,10.701,77.54
OBSERVED,OBSERVED,HOT_DRY,351008,LA_NINA,SDII,20.242,7.619,-12.623,-62.36
OBSERVED,OBSERVED,HOT_DRY,351008,LA_NINA,Rx1day,79.44,34.489,-44.951,-56.58
OBSERVED,OBSERVED,HOT_DRY,351008,LA_NINA,Rx5day,124.68,74.367,-50.313,-40.35
OBSERVED,OBSERVED,HOT_DRY,351008,LA_NINA,R20mm,4.2,3.0,-1.2,-28.57
OBSERVED,OBSERVED,HOT_DRY,351008,LA_NINA,R50mm,1.4,0.111,-1.289,-92.06
OBSERVED,OBSERVED,HOT_DRY,351008,LA_NINA,R95p,222.22,108.478,-113.742,-51.18
OBSERVED,OBSERVED,HOT_DRY,351008,LA_NINA,R99p,154.74,31.222,-123.518,-79.82
OBSERVED,OBSERVED,HOT_DRY,351008,LA_NINA,CDD,59.4,48.889,-10.511,-17.7
OBSERVED,OBSERVED,HOT_DRY,351008,LA_NINA,CWD,4.6,10.0,5.4,117.39
OBSERVED,OBSERVED,HOT_DRY,351009,EL_NINO,PRCPTOT,209.98,192.125,-17.855,-8.5
OBSERVED,OBSERVED,HOT_DRY,351009,EL_NINO,wet_day_freq,28.374,27.35,-1.024,-3.61
OBSERVED,OBSERVED,HOT_DRY,351009,EL_NINO,SDII,4.138,3.902,-0.236,-5.69
OBSERVED,OBSERVED,HOT_DRY,351009,EL_NINO,Rx1day,18.12,20.5,2.38,13.13
OBSERVED,OBSERVED,HOT_DRY,351009,EL_NINO,Rx5day,41.2,34.825,-6.375,-15.47
OBSERVED,OBSERVED,HOT_DRY,351009,EL_NINO,R20mm,0.4,0.25,-0.15,-37.5
OBSERVED,OBSERVED,HOT_DRY,351009,EL_NINO,R50mm,0.0,0.0,0.0,0.0
OBSERVED,OBSERVED,HOT_DRY,351009,EL_NINO,R95p,28.54,25.85,-2.69,-9.43
OBSERVED,OBSERVED,HOT_DRY,351009,EL_NINO,R99p,12.9,10.9,-2.0,-15.5
OBSERVED,OBSERVED,HOT_DRY,351009,EL_NINO,CDD,39.0,45.25,6.25,16.03
OBSERVED,OBSERVED,HOT_DRY,351009,EL_NINO,CWD,9.6,9.0,-0.6,-6.25
OBSERVED,OBSERVED,HOT_DRY,351009,LA_NINA,PRCPTOT,209.98,281.233,71.253,33.93
OBSERVED,OBSERVED,HOT_DRY,351009,LA_NINA,wet_day_freq,28.374,37.856,9.482,33.42
OBSERVED,OBSERVED,HOT_DRY,351009,LA_NINA,SDII,4.138,4.1,-0.038,-0.92
OBSERVED,OBSERVED,HOT_DRY,351009,LA_NINA,Rx1day,18.12,18.944,0.824,4.55
OBSERVED,OBSERVED,HOT_DRY,351009,LA_NINA,Rx5day,41.2,50.933,9.733,23.62
OBSERVED,OBSERVED,HOT_DRY,351009,LA_NINA,R20mm,0.4,0.667,0.267,66.67
OBSERVED,OBSERVED,HOT_DRY,351009,LA_NINA,R50mm,0.0,0.0,0.0,0.0
OBSERVED,OBSERVED,HOT_DRY,351009,LA_NINA,R95p,28.54,32.722,4.182,14.65
OBSERVED,OBSERVED,HOT_DRY,351009,LA_NINA,R99p,12.9,17.9,5.0,38.76
OBSERVED,OBSERVED,HOT_DRY,351009,LA_NINA,CDD,39.0,29.889,-9.111,-23.36
OBSERVED,OBSERVED,HOT_DRY,351009,LA_NINA,CWD,9.6,15.333,5.733,59.72
OBSERVED,OBSERVED,HOT_DRY,351010,EL_NINO,PRCPTOT,213.16,189.85,-23.31,-10.94
OBSERVED,OBSERVED,HOT_DRY,351010,EL_NINO,wet_day_freq,25.614,24.307,-1.306,-5.1
OBSERVED,OBSERVED,HOT_DRY,351010,EL_NINO,SDII,4.572,4.397,-0.175,-3.82
OBSERVED,OBSERVED,HOT_DRY,351010,EL_NINO,Rx1day,18.14,19.475,1.335,7.36
OBSERVED,OBSERVED,HOT_DRY,351010,EL_NINO,Rx5day,42.98,35.2,-7.78,-18.1
OBSERVED,OBSERVED,HOT_DRY,351010,EL_NINO,R20mm,0.4,0.25,-0.15,-37.5
OBSERVED,OBSERVED,HOT_DRY,351010,EL_NINO,R50mm,0.0,0.0,0.0,0.0
OBSERVED,OBSERVED,HOT_DRY,351010,EL_NINO,R95p,38.48,27.2,-11.28,-29.31
OBSERVED,OBSERVED,HOT_DRY,351010,EL_NINO,R99p,7.04,6.35,-0.69,-9.8
OBSERVED,OBSERVED,HOT_DRY,351010,EL_NINO,CDD,40.6,44.0,3.4,8.37
OBSERVED,OBSERVED,HOT_DRY,351010,EL_NINO,CWD,9.6,8.25,-1.35,-14.06
OBSERVED,OBSERVED,HOT_DRY,351010,LA_NINA,PRCPTOT,213.16,268.822,55.662,26.11
OBSERVED,OBSERVED,HOT_DRY,351010,LA_NINA,wet_day_freq,25.614,34.973,9.359,36.54
OBSERVED,OBSERVED,HOT_DRY,351010,LA_NINA,SDII,4.572,4.28,-0.292,-6.39
OBSERVED,OBSERVED,HOT_DRY,351010,LA_NINA,Rx1day,18.14,19.4,1.26,6.95
OBSERVED,OBSERVED,HOT_DRY,351010,LA_NINA,Rx5day,42.98,50.856,7.876,18.32
OBSERVED,OBSERVED,HOT_DRY,351010,LA_NINA,R20mm,0.4,0.889,0.489,122.22
OBSERVED,OBSERVED,HOT_DRY,351010,LA_NINA,R50mm,0.0,0.0,0.0,0.0
OBSERVED,OBSERVED,HOT_DRY,351010,LA_NINA,R95p,38.48,36.378,-2.102,-5.46
OBSERVED,OBSERVED,HOT_DRY,351010,LA_NINA,R99p,7.04,18.733,11.693,166.1
OBSERVED,OBSERVED,HOT_DRY,351010,LA_NINA,CDD,40.6,35.556,-5.044,-12.42
OBSERVED,OBSERVED,HOT_DRY,351010,LA_NINA,CWD,9.6,13.667,4.067,42.36
OBSERVED,OBSERVED,HOT_DRY,351011,EL_NINO,PRCPTOT,363.22,377.425,14.205,3.91
OBSERVED,OBSERVED,HOT_DRY,351011,EL_NINO,wet_day_freq,11.814,9.807,-2.007,-16.98
OBSERVED,OBSERVED,HOT_DRY,351011,EL_NINO,SDII,16.604,21.585,4.981,30.0
OBSERVED,OBSERVED,HOT_DRY,351011,EL_NINO,Rx1day,112.36,138.2,25.84,23.0
OBSERVED,OBSERVED,HOT_DRY,351011,EL_NINO,Rx5day,137.28,189.7,52.42,38.18
OBSERVED,OBSERVED,HOT_DRY,351011,EL_NINO,R20mm,5.2,5.25,0.05,0.96
OBSERVED,OBSERVED,HOT_DRY,351011,EL_NINO,R50mm,1.0,1.75,0.75,75.0
OBSERVED,OBSERVED,HOT_DRY,351011,EL_NINO,R95p,141.94,232.375,90.435,63.71
OBSERVED,OBSERVED,HOT_DRY,351011,EL_NINO,R99p,112.6,116.975,4.375,3.89
OBSERVED,OBSERVED,HOT_DRY,351011,EL_NINO,CDD,51.2,44.75,-6.45,-12.6
OBSERVED,OBSERVED,HOT_DRY,351011,EL_NINO,CWD,4.4,3.25,-1.15,-26.14
OBSERVED,OBSERVED,HOT_DRY,351011,LA_NINA,PRCPTOT,363.22,378.578,15.358,4.23
OBSERVED,OBSERVED,HOT_DRY,351011,LA_NINA,wet_day_freq,11.814,12.43,0.616,5.21
OBSERVED,OBSERVED,HOT_DRY,351011,LA_NINA,SDII,16.604,16.468,-0.136,-0.82
OBSERVED,OBSERVED,HOT_DRY,351011,LA_NINA,Rx1day,112.36,66.156,-46.204,-41.12
OBSERVED,OBSERVED,HOT_DRY,351011,LA_NINA,Rx5day,137.28,114.067,-23.213,-16.91
OBSERVED,OBSERVED,HOT_DRY,351011,LA_NINA,R20mm,5.2,5.889,0.689,13.25
OBSERVED,OBSERVED,HOT_DRY,351011,LA_NINA,R50mm,1.0,1.556,0.556,55.56
OBSERVED,OBSERVED,HOT_DRY,351011,LA_NINA,R95p,141.94,146.033,4.093,2.88
OBSERVED,OBSERVED,HOT_DRY,351011,LA_NINA,R99p,112.6,22.844,-89.756,-79.71
OBSERVED,OBSERVED,HOT_DRY,351011,LA_NINA,CDD,51.2,62.0,10.8,21.09
OBSERVED,OBSERVED,HOT_DRY,351011,LA_NINA,CWD,4.4,4.778,0.378,8.59
OBSERVED,OBSERVED,HOT_DRY,351012,EL_NINO,PRCPTOT,181.12,221.925,40.805,22.53
OBSERVED,OBSERVED,HOT_DRY,351012,EL_NINO,wet_day_freq,7.07,5.248,-1.822,-25.78
OBSERVED,OBSERVED,HOT_DRY,351012,EL_NINO,SDII,14.414,30.43,16.016,111.11
OBSERVED,OBSERVED,HOT_DRY,351012,EL_NINO,Rx1day,57.4,120.225,62.825,109.45
OBSERVED,OBSERVED,HOT_DRY,351012,EL_NINO,Rx5day,86.46,143.225,56.765,65.65
OBSERVED,OBSERVED,HOT_DRY,351012,EL_NINO,R20mm,2.6,2.5,-0.1,-3.85
OBSERVED,OBSERVED,HOT_DRY,351012,EL_NINO,R50mm,1.0,1.25,0.25,25.0
OBSERVED,OBSERVED,HOT_DRY,351012,EL_NINO,R95p,82.9,142.275,59.375,71.62
OBSERVED,OBSERVED,HOT_DRY,351012,EL_NINO,R99p,0.0,74.625,74.625,0.0
OBSERVED,OBSERVED,HOT_DRY,351012,EL_NINO,CDD,74.8,72.25,-2.55,-3.41
OBSERVED,OBSERVED,HOT_DRY,351012,EL_NINO,CWD,3.4,2.75,-0.65,-19.12
OBSERVED,OBSERVED,HOT_DRY,351012,LA_NINA,PRCPTOT,181.12,284.478,103.358,57.07
OBSERVED,OBSERVED,HOT_DRY,351012,LA_NINA,wet_day_freq,7.07,8.882,1.812,25.63
OBSERVED,OBSERVED,HOT_DRY,351012,LA_NINA,SDII,14.414,16.146,1.732,12.01
OBSERVED,OBSERVED,HOT_DRY,351012,LA_NINA,Rx1day,57.4,76.678,19.278,33.58
OBSERVED,OBSERVED,HOT_DRY,351012,LA_NINA,Rx5day,86.46,121.333,34.873,40.33
OBSERVED,OBSERVED,HOT_DRY,351012,LA_NINA,R20mm,2.6,4.556,1.956,75.21
OBSERVED,OBSERVED,HOT_DRY,351012,LA_NINA,R50mm,1.0,1.222,0.222,22.22
OBSERVED,OBSERVED,HOT_DRY,351012,LA_NINA,R95p,82.9,121.567,38.667,46.64
OBSERVED,OBSERVED,HOT_DRY,351012,LA_NINA,R99p,0.0,65.444,65.444,0.0
OBSERVED,OBSERVED,HOT_DRY,351012,LA_NINA,CDD,74.8,58.778,-16.022,-21.42
OBSERVED,OBSERVED,HOT_DRY,351012,LA_NINA,CWD,3.4,4.0,0.6,17.65
OBSERVED,OBSERVED,HOT_DRY,351201,EL_NINO,PRCPTOT,227.08,245.275,18.195,8.01
OBSERVED,OBSERVED,HOT_DRY,351201,EL_NINO,wet_day_freq,11.042,7.18,-3.862,-34.98
OBSERVED,OBSERVED,HOT_DRY,351201,EL_NINO,SDII,11.772,20.96,9.188,78.05
OBSERVED,OBSERVED,HOT_DRY,351201,EL_NINO,Rx1day,70.82,87.35,16.53,23.34
OBSERVED,OBSERVED,HOT_DRY,351201,EL_NINO,Rx5day,99.5,110.4,10.9,10.95
OBSERVED,OBSERVED,HOT_DRY,351201,EL_NINO,R20mm,2.4,3.75,1.35,56.25
OBSERVED,OBSERVED,HOT_DRY,351201,EL_NINO,R50mm,1.0,1.0,0.0,0.0
OBSERVED,OBSERVED,HOT_DRY,351201,EL_NINO,R95p,88.3,130.2,41.9,47.45
OBSERVED,OBSERVED,HOT_DRY,351201,EL_NINO,R99p,53.3,106.425,53.125,99.67
OBSERVED,OBSERVED,HOT_DRY,351201,EL_NINO,CDD,64.8,74.75,9.95,15.35
OBSERVED,OBSERVED,HOT_DRY,351201,EL_NINO,CWD,4.6,2.75,-1.85,-40.22
OBSERVED,OBSERVED,HOT_DRY,351201,LA_NINA,PRCPTOT,227.08,249.433,22.353,9.84
OBSERVED,OBSERVED,HOT_DRY,351201,LA_NINA,wet_day_freq,11.042,11.148,0.106,0.96
OBSERVED,OBSERVED,HOT_DRY,351201,LA_NINA,SDII,11.772,12.059,0.287,2.44
OBSERVED,OBSERVED,HOT_DRY,351201,LA_NINA,Rx1day,70.82,57.1,-13.72,-19.37
OBSERVED,OBSERVED,HOT_DRY,351201,LA_NINA,Rx5day,99.5,100.744,1.244,1.25
OBSERVED,OBSERVED,HOT_DRY,351201,LA_NINA,R20mm,2.4,3.444,1.044,43.52
OBSERVED,OBSERVED,HOT_DRY,351201,LA_NINA,R50mm,1.0,0.778,-0.222,-22.22
OBSERVED,OBSERVED,HOT_DRY,351201,LA_NINA,R95p,88.3,66.178,-22.122,-25.05
OBSERVED,OBSERVED,HOT_DRY,351201,LA_NINA,R99p,53.3,21.756,-31.544,-59.18
OBSERVED,OBSERVED,HOT_DRY,351201,LA_NINA,CDD,64.8,65.778,0.978,1.51
OBSERVED,OBSERVED,HOT_DRY,351201,LA_NINA,CWD,4.6,4.556,-0.044,-0.97
OBSERVED,OBSERVED,RAINY,351001,EL_NINO,PRCPTOT,836.683,610.6,-226.083,-27.02
OBSERVED,OBSERVED,RAINY,351001,EL_NINO,wet_day_freq,39.04,29.08,-9.96,-25.51
OBSERVED,OBSERVED,RAINY,351001,EL_NINO,SDII,11.692,11.755,0.063,0.54
OBSERVED,OBSERVED,RAINY,351001,EL_NINO,Rx1day,81.067,149.5,68.433,84.42
OBSERVED,OBSERVED,RAINY,351001,EL_NINO,Rx5day,141.467,197.55,56.083,39.64
OBSERVED,OBSERVED,RAINY,351001,EL_NINO,R20mm,13.833,7.0,-6.833,-49.4
OBSERVED,OBSERVED,RAINY,351001,EL_NINO,R50mm,2.0,1.0,-1.0,-50.0
OBSERVED,OBSERVED,RAINY,351001,EL_NINO,R95p,179.533,171.05,-8.483,-4.73
OBSERVED,OBSERVED,RAINY,351001,EL_NINO,R99p,50.2,171.05,120.85,240.74
OBSERVED,OBSERVED,RAINY,351001,EL_NINO,CDD,13.0,18.0,5.0,38.46
OBSERVED,OBSERVED,RAINY,351001,EL_NINO,CWD,7.167,5.0,-2.167,-30.23
OBSERVED,OBSERVED,RAINY,351001,LA_NINA,PRCPTOT,836.683,942.8,106.117,12.68
OBSERVED,OBSERVED,RAINY,351001,LA_NINA,wet_day_freq,39.04,36.848,-2.192,-5.61
OBSERVED,OBSERVED,RAINY,351001,LA_NINA,SDII,11.692,14.006,2.314,19.79
OBSERVED,OBSERVED,RAINY,351001,LA_NINA,Rx1day,81.067,111.34,30.273,37.34
OBSERVED,OBSERVED,RAINY,351001,LA_NINA,Rx5day,141.467,206.68,65.213,46.1
OBSERVED,OBSERVED,RAINY,351001,LA_NINA,R20mm,13.833,14.4,0.567,4.1
OBSERVED,OBSERVED,RAINY,351001,LA_NINA,R50mm,2.0,3.8,1.8,90.0
OBSERVED,OBSERVED,RAINY,351001,LA_NINA,R95p,179.533,324.04,144.507,80.49
OBSERVED,OBSERVED,RAINY,351001,LA_NINA,R99p,50.2,105.4,55.2,109.96
OBSERVED,OBSERVED,RAINY,351001,LA_NINA,CDD,13.0,12.8,-0.2,-1.54
OBSERVED,OBSERVED,RAINY,351001,LA_NINA,CWD,7.167,11.8,4.633,64.65
OBSERVED,OBSERVED,RAINY,351002,EL_NINO,PRCPTOT,959.833,961.85,2.017,0.21
OBSERVED,OBSERVED,RAINY,351002,EL_NINO,wet_day_freq,34.783,34.51,-0.273,-0.79
OBSERVED,OBSERVED,RAINY,351002,EL_NINO,SDII,15.49,15.25,-0.24,-1.55
OBSERVED,OBSERVED,RAINY,351002,EL_NINO,Rx1day,94.117,84.9,-9.217,-9.79
OBSERVED,OBSERVED,RAINY,351002,EL_NINO,Rx5day,175.4,164.15,-11.25,-6.41
OBSERVED,OBSERVED,RAINY,351002,EL_NINO,R20mm,15.333,17.0,1.667,10.87
OBSERVED,OBSERVED,RAINY,351002,EL_NINO,R50mm,3.5,3.0,-0.5,-14.29
OBSERVED,OBSERVED,RAINY,351002,EL_NINO,R95p,344.817,287.55,-57.267,-16.61
OBSERVED,OBSERVED,RAINY,351002,EL_NINO,R99p,118.45,122.5,4.05,3.42
OBSERVED,OBSERVED,RAINY,351002,EL_NINO,CDD,17.833,18.5,0.667,3.74
OBSERVED,OBSERVED,RAINY,351002,EL_NINO,CWD,7.5,8.0,0.5,6.67
OBSERVED,OBSERVED,RAINY,351002,LA_NINA,PRCPTOT,959.833,911.7,-48.133,-5.01
OBSERVED,OBSERVED,RAINY,351002,LA_NINA,wet_day_freq,34.783,38.152,3.369,9.68
OBSERVED,OBSERVED,RAINY,351002,LA_NINA,SDII,15.49,12.962,-2.528,-16.32
OBSERVED,OBSERVED,RAINY,351002,LA_NINA,Rx1day,94.117,73.26,-20.857,-22.16
OBSERVED,OBSERVED,RAINY,351002,LA_NINA,Rx5day,175.4,173.88,-1.52,-0.87
OBSERVED,OBSERVED,RAINY,351002,LA_NINA,R20mm,15.333,14.8,-0.533,-3.48
OBSERVED,OBSERVED,RAINY,351002,LA_NINA,R50mm,3.5,2.2,-1.3,-37.14
OBSERVED,OBSERVED,RAINY,351002,LA_NINA,R95p,344.817,206.96,-137.857,-39.98
OBSERVED,OBSERVED,RAINY,351002,LA_NINA,R99p,118.45,61.06,-57.39,-48.45
OBSERVED,OBSERVED,RAINY,351002,LA_NINA,CDD,17.833,12.8,-5.033,-28.22
OBSERVED,OBSERVED,RAINY,351002,LA_NINA,CWD,7.5,5.8,-1.7,-22.67
OBSERVED,OBSERVED,RAINY,351003,EL_NINO,PRCPTOT,1165.35,1242.95,77.6,6.66
OBSERVED,OBSERVED,RAINY,351003,EL_NINO,wet_day_freq,58.513,42.12,-16.393,-28.02
OBSERVED,OBSERVED,RAINY,351003,EL_NINO,SDII,12.887,16.115,3.228,25.05
OBSERVED,OBSERVED,RAINY,351003,EL_NINO,Rx1day,79.117,122.5,43.383,54.83
OBSERVED,OBSERVED,RAINY,351003,EL_NINO,Rx5day,128.4,168.35,39.95,31.11
OBSERVED,OBSERVED,RAINY,351003,EL_NINO,R20mm,14.833,21.5,6.667,44.94
OBSERVED,OBSERVED,RAINY,351003,EL_NINO,R50mm,2.5,3.5,1.0,40.0
OBSERVED,OBSERVED,RAINY,351003,EL_NINO,R95p,261.383,484.5,223.117,85.36
OBSERVED,OBSERVED,RAINY,351003,EL_NINO,R99p,95.65,122.5,26.85,28.07
OBSERVED,OBSERVED,RAINY,351003,EL_NINO,CDD,8.833,16.0,7.167,81.13
OBSERVED,OBSERVED,RAINY,351003,EL_NINO,CWD,35.167,16.5,-18.667,-53.08
OBSERVED,OBSERVED,RAINY,351003,LA_NINA,PRCPTOT,1165.35,1106.76,-58.59,-5.03
OBSERVED,OBSERVED,RAINY,351003,LA_NINA,wet_day_freq,58.513,51.524,-6.989,-11.94
OBSERVED,OBSERVED,RAINY,351003,LA_NINA,SDII,12.887,13.308,0.421,3.27
OBSERVED,OBSERVED,RAINY,351003,LA_NINA,Rx1day,79.117,81.3,2.183,2.76
OBSERVED,OBSERVED,RAINY,351003,LA_NINA,Rx5day,128.4,153.04,24.64,19.19
OBSERVED,OBSERVED,RAINY,351003,LA_NINA,R20mm,14.833,15.4,0.567,3.82
OBSERVED,OBSERVED,RAINY,351003,LA_NINA,R50mm,2.5,2.4,-0.1,-4.0
OBSERVED,OBSERVED,RAINY,351003,LA_NINA,R95p,261.383,249.28,-12.103,-4.63
OBSERVED,OBSERVED,RAINY,351003,LA_NINA,R99p,95.65,97.44,1.79,1.87
OBSERVED,OBSERVED,RAINY,351003,LA_NINA,CDD,8.833,11.4,2.567,29.06
OBSERVED,OBSERVED,RAINY,351003,LA_NINA,CWD,35.167,37.4,2.233,6.35
OBSERVED,OBSERVED,RAINY,351004,EL_NINO,PRCPTOT,861.683,1010.35,148.667,17.25
OBSERVED,OBSERVED,RAINY,351004,EL_NINO,wet_day_freq,37.318,40.76,3.442,9.22
OBSERVED,OBSERVED,RAINY,351004,EL_NINO,SDII,12.533,13.33,0.797,6.36
OBSERVED,OBSERVED,RAINY,351004,EL_NINO,Rx1day,85.75,66.95,-18.8,-21.92
OBSERVED,OBSERVED,RAINY,351004,EL_NINO,Rx5day,123.65,148.95,25.3,20.46
OBSERVED,OBSERVED,RAINY,351004,EL_NINO,R20mm,12.833,17.0,4.167,32.47
OBSERVED,OBSERVED,RAINY,351004,EL_NINO,R50mm,2.167,2.0,-0.167,-7.69
OBSERVED,OBSERVED,RAINY,351004,EL_NINO,R95p,200.1,319.25,119.15,59.55
OBSERVED,OBSERVED,RAINY,351004,EL_NINO,R99p,39.933,79.5,39.567,99.08
OBSERVED,OBSERVED,RAINY,351004,EL_NINO,CDD,16.667,15.0,-1.667,-10.0
OBSERVED,OBSERVED,RAINY,351004,EL_NINO,CWD,7.667,8.0,0.333,4.35
OBSERVED,OBSERVED,RAINY,351004,LA_NINA,PRCPTOT,861.683,928.16,66.477,7.71
OBSERVED,OBSERVED,RAINY,351004,LA_NINA,wet_day_freq,37.318,35.76,-1.558,-4.18
OBSERVED,OBSERVED,RAINY,351004,LA_NINA,SDII,12.533,14.154,1.621,12.93
OBSERVED,OBSERVED,RAINY,351004,LA_NINA,Rx1day,85.75,99.0,13.25,15.45
OBSERVED,OBSERVED,RAINY,351004,LA_NINA,Rx5day,123.65,198.1,74.45,60.21
OBSERVED,OBSERVED,RAINY,351004,LA_NINA,R20mm,12.833,14.4,1.567,12.21
OBSERVED,OBSERVED,RAINY,351004,LA_NINA,R50mm,2.167,2.6,0.433,20.0
OBSERVED,OBSERVED,RAINY,351004,LA_NINA,R95p,200.1,230.94,30.84,15.41
OBSERVED,OBSERVED,RAINY,351004,LA_NINA,R99p,39.933,111.8,71.867,179.97
OBSERVED,OBSERVED,RAINY,351004,LA_NINA,CDD,16.667,14.6,-2.067,-12.4
OBSERVED,OBSERVED,RAINY,351004,LA_NINA,CWD,7.667,8.2,0.533,6.96
OBSERVED,OBSERVED,RAINY,351005,EL_NINO,PRCPTOT,904.183,951.45,47.267,5.23
OBSERVED,OBSERVED,RAINY,351005,EL_NINO,wet_day_freq,53.987,35.6,-18.387,-34.06
OBSERVED,OBSERVED,RAINY,351005,EL_NINO,SDII,11.03,14.47,3.44,31.19
OBSERVED,OBSERVED,RAINY,351005,EL_NINO,Rx1day,71.017,89.4,18.383,25.89
OBSERVED,OBSERVED,RAINY,351005,EL_NINO,Rx5day,116.55,149.95,33.4,28.66
OBSERVED,OBSERVED,RAINY,351005,EL_NINO,R20mm,11.0,15.0,4.0,36.36
OBSERVED,OBSERVED,RAINY,351005,EL_NINO,R50mm,2.0,3.0,1.0,50.0
OBSERVED,OBSERVED,RAINY,351005,EL_NINO,R95p,194.617,273.3,78.683,40.43
OBSERVED,OBSERVED,RAINY,351005,EL_NINO,R99p,56.567,169.25,112.683,199.2
OBSERVED,OBSERVED,RAINY,351005,EL_NINO,CDD,8.167,17.0,8.833,108.16
OBSERVED,OBSERVED,RAINY,351005,EL_NINO,CWD,30.667,5.5,-25.167,-82.07
OBSERVED,OBSERVED,RAINY,351005,LA_NINA,PRCPTOT,904.183,863.78,-40.403,-4.47
OBSERVED,OBSERVED,RAINY,351005,LA_NINA,wet_day_freq,53.987,38.262,-15.725,-29.13
OBSERVED,OBSERVED,RAINY,351005,LA_NINA,SDII,11.03,13.064,2.034,18.44
OBSERVED,OBSERVED,RAINY,351005,LA_NINA,Rx1day,71.017,86.52,15.503,21.83
OBSERVED,OBSERVED,RAINY,351005,LA_NINA,Rx5day,116.55,141.78,25.23,21.65
OBSERVED,OBSERVED,RAINY,351005,LA_NINA,R20mm,11.0,11.6,0.6,5.45
OBSERVED,OBSERVED,RAINY,351005,LA_NINA,R50mm,2.0,2.0,0.0,0.0
OBSERVED,OBSERVED,RAINY,351005,LA_NINA,R95p,194.617,214.44,19.823,10.19
OBSERVED,OBSERVED,RAINY,351005,LA_NINA,R99p,56.567,66.26,9.693,17.14
OBSERVED,OBSERVED,RAINY,351005,LA_NINA,CDD,8.167,12.4,4.233,51.84
OBSERVED,OBSERVED,RAINY,351005,LA_NINA,CWD,30.667,9.2,-21.467,-70.0
OBSERVED,OBSERVED,RAINY,351006,EL_NINO,PRCPTOT,901.95,943.2,41.25,4.57
OBSERVED,OBSERVED,RAINY,351006,EL_NINO,wet_day_freq,71.287,88.045,16.758,23.51
OBSERVED,OBSERVED,RAINY,351006,EL_NINO,SDII,8.555,5.81,-2.745,-32.09
OBSERVED,OBSERVED,RAINY,351006,EL_NINO,Rx1day,64.2,41.6,-22.6,-35.2
OBSERVED,OBSERVED,RAINY,351006,EL_NINO,Rx5day,98.033,85.2,-12.833,-13.09
OBSERVED,OBSERVED,RAINY,351006,EL_NINO,R20mm,6.167,5.0,-1.167,-18.92
OBSERVED,OBSERVED,RAINY,351006,EL_NINO,R50mm,0.5,0.0,-0.5,-100.0
OBSERVED,OBSERVED,RAINY,351006,EL_NINO,R95p,217.783,147.4,-70.383,-32.32
OBSERVED,OBSERVED,RAINY,351006,EL_NINO,R99p,87.233,43.85,-43.383,-49.73
OBSERVED,OBSERVED,RAINY,351006,EL_NINO,CDD,6.667,7.5,0.833,12.5
OBSERVED,OBSERVED,RAINY,351006,EL_NINO,CWD,49.833,50.0,0.167,0.33
OBSERVED,OBSERVED,RAINY,351006,LA_NINA,PRCPTOT,901.95,998.94,96.99,10.75
OBSERVED,OBSERVED,RAINY,351006,LA_NINA,wet_day_freq,71.287,67.61,-3.677,-5.16
OBSERVED,OBSERVED,RAINY,351006,LA_NINA,SDII,8.555,11.148,2.593,30.31
OBSERVED,OBSERVED,RAINY,351006,LA_NINA,Rx1day,64.2,62.36,-1.84,-2.87
OBSERVED,OBSERVED,RAINY,351006,LA_NINA,Rx5day,98.033,188.12,90.087,91.89
OBSERVED,OBSERVED,RAINY,351006,LA_NINA,R20mm,6.167,8.6,2.433,39.46
OBSERVED,OBSERVED,RAINY,351006,LA_NINA,R50mm,0.5,2.4,1.9,380.0
OBSERVED,OBSERVED,RAINY,351006,LA_NINA,R95p,217.783,357.16,139.377,64.0
OBSERVED,OBSERVED,RAINY,351006,LA_NINA,R99p,87.233,193.06,105.827,121.31
OBSERVED,OBSERVED,RAINY,351006,LA_NINA,CDD,6.667,11.4,4.733,71.0
OBSERVED,OBSERVED,RAINY,351006,LA_NINA,CWD,49.833,48.4,-1.433,-2.88
OBSERVED,OBSERVED,RAINY,351007,EL_NINO,PRCPTOT,900.683,938.5,37.817,4.2
OBSERVED,OBSERVED,RAINY,351007,EL_NINO,wet_day_freq,73.642,89.405,15.763,21.41
OBSERVED,OBSERVED,RAINY,351007,EL_NINO,SDII,7.7,5.695,-2.005,-26.04
OBSERVED,OBSERVED,RAINY,351007,EL_NINO,Rx1day,50.733,37.4,-13.333,-26.28
OBSERVED,OBSERVED,RAINY,351007,EL_NINO,Rx5day,86.683,79.3,-7.383,-8.52
OBSERVED,OBSERVED,RAINY,351007,EL_NINO,R20mm,6.0,3.0,-3.0,-50.0
OBSERVED,OBSERVED,RAINY,351007,EL_NINO,R50mm,0.333,0.0,-0.333,-100.0
OBSERVED,OBSERVED,RAINY,351007,EL_NINO,R95p,199.167,105.35,-93.817,-47.1
OBSERVED,OBSERVED,RAINY,351007,EL_NINO,R99p,56.883,39.85,-17.033,-29.94
OBSERVED,OBSERVED,RAINY,351007,EL_NINO,CDD,5.667,7.5,1.833,32.35
OBSERVED,OBSERVED,RAINY,351007,EL_NINO,CWD,49.5,73.0,23.5,47.47
OBSERVED,OBSERVED,RAINY,351007,LA_NINA,PRCPTOT,900.683,961.04,60.357,6.7
OBSERVED,OBSERVED,RAINY,351007,LA_NINA,wet_day_freq,73.642,69.674,-3.968,-5.39
OBSERVED,OBSERVED,RAINY,351007,LA_NINA,SDII,7.7,9.324,1.624,21.09
OBSERVED,OBSERVED,RAINY,351007,LA_NINA,Rx1day,50.733,76.6,25.867,50.99
OBSERVED,OBSERVED,RAINY,351007,LA_NINA,Rx5day,86.683,128.56,41.877,48.31
OBSERVED,OBSERVED,RAINY,351007,LA_NINA,R20mm,6.0,7.4,1.4,23.33
OBSERVED,OBSERVED,RAINY,351007,LA_NINA,R50mm,0.333,1.0,0.667,200.0
OBSERVED,OBSERVED,RAINY,351007,LA_NINA,R95p,199.167,287.64,88.473,44.42
OBSERVED,OBSERVED,RAINY,351007,LA_NINA,R99p,56.883,134.7,77.817,136.8
OBSERVED,OBSERVED,RAINY,351007,LA_NINA,CDD,5.667,7.8,2.133,37.65
OBSERVED,OBSERVED,RAINY,351007,LA_NINA,CWD,49.5,46.4,-3.1,-6.26
OBSERVED,OBSERVED,RAINY,351008,EL_NINO,PRCPTOT,895.15,765.6,-129.55,-14.47
OBSERVED,OBSERVED,RAINY,351008,EL_NINO,wet_day_freq,67.752,82.065,14.313,21.13
OBSERVED,OBSERVED,RAINY,351008,EL_NINO,SDII,8.833,5.05,-3.783,-42.83
OBSERVED,OBSERVED,RAINY,351008,EL_NINO,Rx1day,65.133,28.65,-36.483,-56.01
OBSERVED,OBSERVED,RAINY,351008,EL_NINO,Rx5day,126.283,65.35,-60.933,-48.25
OBSERVED,OBSERVED,RAINY,351008,EL_NINO,R20mm,6.667,2.0,-4.667,-70.0
OBSERVED,OBSERVED,RAINY,351008,EL_NINO,R50mm,1.5,0.0,-1.5,-100.0
OBSERVED,OBSERVED,RAINY,351008,EL_NINO,R95p,265.3,52.95,-212.35,-80.04
OBSERVED,OBSERVED,RAINY,351008,EL_NINO,R99p,143.117,0.0,-143.117,-100.0
OBSERVED,OBSERVED,RAINY,351008,EL_NINO,CDD,10.0,8.0,-2.0,-20.0
OBSERVED,OBSERVED,RAINY,351008,EL_NINO,CWD,30.333,31.5,1.167,3.85
OBSERVED,OBSERVED,RAINY,351008,LA_NINA,PRCPTOT,895.15,860.78,-34.37,-3.84
OBSERVED,OBSERVED,RAINY,351008,LA_NINA,wet_day_freq,67.752,75.216,7.464,11.02
OBSERVED,OBSERVED,RAINY,351008,LA_NINA,SDII,8.833,7.11,-1.723,-19.51
OBSERVED,OBSERVED,RAINY,351008,LA_NINA,Rx1day,65.133,48.02,-17.113,-26.27
OBSERVED,OBSERVED,RAINY,351008,LA_NINA,Rx5day,126.283,97.88,-28.403,-22.49
OBSERVED,OBSERVED,RAINY,351008,LA_NINA,R20mm,6.667,6.2,-0.467,-7.0
OBSERVED,OBSERVED,RAINY,351008,LA_NINA,R50mm,1.5,0.4,-1.1,-73.33
OBSERVED,OBSERVED,RAINY,351008,LA_NINA,R95p,265.3,202.12,-63.18,-23.81
OBSERVED,OBSERVED,RAINY,351008,LA_NINA,R99p,143.117,44.94,-98.177,-68.6
OBSERVED,OBSERVED,RAINY,351008,LA_NINA,CDD,10.0,8.6,-1.4,-14.0
OBSERVED,OBSERVED,RAINY,351008,LA_NINA,CWD,30.333,32.8,2.467,8.13
OBSERVED,OBSERVED,RAINY,351009,EL_NINO,PRCPTOT,993.217,893.25,-99.967,-10.06
OBSERVED,OBSERVED,RAINY,351009,EL_NINO,wet_day_freq,94.473,94.565,0.092,0.1
OBSERVED,OBSERVED,RAINY,351009,EL_NINO,SDII,5.715,5.13,-0.585,-10.24
OBSERVED,OBSERVED,RAINY,351009,EL_NINO,Rx1day,30.55,22.45,-8.1,-26.51
OBSERVED,OBSERVED,RAINY,351009,EL_NINO,Rx5day,77.233,66.65,-10.583,-13.7
OBSERVED,OBSERVED,RAINY,351009,EL_NINO,R20mm,1.833,0.5,-1.333,-72.73
OBSERVED,OBSERVED,RAINY,351009,EL_NINO,R50mm,0.167,0.0,-0.167,-100.0
OBSERVED,OBSERVED,RAINY,351009,EL_NINO,R95p,170.983,113.95,-57.033,-33.36
OBSERVED,OBSERVED,RAINY,351009,EL_NINO,R99p,56.433,12.6,-43.833,-77.67
OBSERVED,OBSERVED,RAINY,351009,EL_NINO,CDD,2.667,4.5,1.833,68.75
OBSERVED,OBSERVED,RAINY,351009,EL_NINO,CWD,79.667,127.0,47.333,59.41
OBSERVED,OBSERVED,RAINY,351009,LA_NINA,PRCPTOT,993.217,1041.46,48.243,4.86
OBSERVED,OBSERVED,RAINY,351009,LA_NINA,wet_day_freq,94.473,96.522,2.049,2.17
OBSERVED,OBSERVED,RAINY,351009,LA_NINA,SDII,5.715,5.864,0.149,2.61
OBSERVED,OBSERVED,RAINY,351009,LA_NINA,Rx1day,30.55,28.3,-2.25,-7.36
OBSERVED,OBSERVED,RAINY,351009,LA_NINA,Rx5day,77.233,82.66,5.427,7.03
OBSERVED,OBSERVED,RAINY,351009,LA_NINA,R20mm,1.833,2.8,0.967,52.73
OBSERVED,OBSERVED,RAINY,351009,LA_NINA,R50mm,0.167,0.0,-0.167,-100.0
OBSERVED,OBSERVED,RAINY,351009,LA_NINA,R95p,170.983,195.84,24.857,14.54
OBSERVED,OBSERVED,RAINY,351009,LA_NINA,R99p,56.433,76.72,20.287,35.95
OBSERVED,OBSERVED,RAINY,351009,LA_NINA,CDD,2.667,2.0,-0.667,-25.0
OBSERVED,OBSERVED,RAINY,351009,LA_NINA,CWD,79.667,98.0,18.333,23.01
OBSERVED,OBSERVED,RAINY,351010,EL_NINO,PRCPTOT,980.817,927.35,-53.467,-5.45
OBSERVED,OBSERVED,RAINY,351010,EL_NINO,wet_day_freq,93.387,92.665,-0.722,-0.77
OBSERVED,OBSERVED,RAINY,351010,EL_NINO,SDII,5.707,5.43,-0.277,-4.85
OBSERVED,OBSERVED,RAINY,351010,EL_NINO,Rx1day,29.817,24.3,-5.517,-18.5
OBSERVED,OBSERVED,RAINY,351010,EL_NINO,Rx5day,82.15,78.45,-3.7,-4.5
OBSERVED,OBSERVED,RAINY,351010,EL_NINO,R20mm,2.5,4.5,2.0,80.0
OBSERVED,OBSERVED,RAINY,351010,EL_NINO,R50mm,0.167,0.0,-0.167,-100.0
OBSERVED,OBSERVED,RAINY,351010,EL_NINO,R95p,161.983,192.9,30.917,19.09
OBSERVED,OBSERVED,RAINY,351010,EL_NINO,R99p,52.55,68.7,16.15,30.73
OBSERVED,OBSERVED,RAINY,351010,EL_NINO,CDD,2.833,4.0,1.167,41.18
OBSERVED,OBSERVED,RAINY,351010,EL_NINO,CWD,71.667,89.0,17.333,24.19
OBSERVED,OBSERVED,RAINY,351010,LA_NINA,PRCPTOT,980.817,1020.66,39.843,4.06
OBSERVED,OBSERVED,RAINY,351010,LA_NINA,wet_day_freq,93.387,95.0,1.613,1.73
OBSERVED,OBSERVED,RAINY,351010,LA_NINA,SDII,5.707,5.838,0.131,2.3
OBSERVED,OBSERVED,RAINY,351010,LA_NINA,Rx1day,29.817,30.96,1.143,3.83
OBSERVED,OBSERVED,RAINY,351010,LA_NINA,Rx5day,82.15,94.86,12.71,15.47
OBSERVED,OBSERVED,RAINY,351010,LA_NINA,R20mm,2.5,2.4,-0.1,-4.0
OBSERVED,OBSERVED,RAINY,351010,LA_NINA,R50mm,0.167,0.4,0.233,140.0
OBSERVED,OBSERVED,RAINY,351010,LA_NINA,R95p,161.983,206.26,44.277,27.33
OBSERVED,OBSERVED,RAINY,351010,LA_NINA,R99p,52.55,56.0,3.45,6.57
OBSERVED,OBSERVED,RAINY,351010,LA_NINA,CDD,2.833,2.6,-0.233,-8.24
OBSERVED,OBSERVED,RAINY,351010,LA_NINA,CWD,71.667,80.2,8.533,11.91
OBSERVED,OBSERVED,RAINY,351011,EL_NINO,PRCPTOT,902.883,544.0,-358.883,-39.75
OBSERVED,OBSERVED,RAINY,351011,EL_NINO,wet_day_freq,40.217,39.13,-1.087,-2.7
OBSERVED,OBSERVED,RAINY,351011,EL_NINO,SDII,12.257,7.48,-4.777,-38.97
OBSERVED,OBSERVED,RAINY,351011,EL_NINO,Rx1day,114.2,41.7,-72.5,-63.49
OBSERVED,OBSERVED,RAINY,351011,EL_NINO,Rx5day,180.1,71.1,-109.0,-60.52
OBSERVED,OBSERVED,RAINY,351011,EL_NINO,R20mm,11.0,5.0,-6.0,-54.55
OBSERVED,OBSERVED,RAINY,351011,EL_NINO,R50mm,2.333,0.0,-2.333,-100.0
OBSERVED,OBSERVED,RAINY,351011,EL_NINO,R95p,296.767,22.35,-274.417,-92.47
OBSERVED,OBSERVED,RAINY,351011,EL_NINO,R99p,180.167,0.0,-180.167,-100.0
OBSERVED,OBSERVED,RAINY,351011,EL_NINO,CDD,14.0,18.5,4.5,32.14
OBSERVED,OBSERVED,RAINY,351011,EL_NINO,CWD,7.833,14.0,6.167,78.72
OBSERVED,OBSERVED,RAINY,351011,LA_NINA,PRCPTOT,902.883,840.76,-62.123,-6.88
OBSERVED,OBSERVED,RAINY,351011,LA_NINA,wet_day_freq,40.217,38.37,-1.847,-4.59
OBSERVED,OBSERVED,RAINY,351011,LA_NINA,SDII,12.257,11.716,-0.541,-4.41
OBSERVED,OBSERVED,RAINY,351011,LA_NINA,Rx1day,114.2,97.52,-16.68,-14.61
OBSERVED,OBSERVED,RAINY,351011,LA_NINA,Rx5day,180.1,173.1,-7.0,-3.89
OBSERVED,OBSERVED,RAINY,351011,LA_NINA,R20mm,11.0,10.8,-0.2,-1.82
OBSERVED,OBSERVED,RAINY,351011,LA_NINA,R50mm,2.333,2.6,0.267,11.43
OBSERVED,OBSERVED,RAINY,351011,LA_NINA,R95p,296.767,245.68,-51.087,-17.21
OBSERVED,OBSERVED,RAINY,351011,LA_NINA,R99p,180.167,64.46,-115.707,-64.22
OBSERVED,OBSERVED,RAINY,351011,LA_NINA,CDD,14.0,13.8,-0.2,-1.43
OBSERVED,OBSERVED,RAINY,351011,LA_NINA,CWD,7.833,12.6,4.767,60.85
OBSERVED,OBSERVED,RAINY,351012,EL_NINO,PRCPTOT,799.467,517.7,-281.767,-35.24
OBSERVED,OBSERVED,RAINY,351012,EL_NINO,wet_day_freq,36.957,29.345,-7.612,-20.6
OBSERVED,OBSERVED,RAINY,351012,EL_NINO,SDII,11.795,9.56,-2.235,-18.95
OBSERVED,OBSERVED,RAINY,351012,EL_NINO,Rx1day,104.533,72.95,-31.583,-30.21
OBSERVED,OBSERVED,RAINY,351012,EL_NINO,Rx5day,193.433,81.65,-111.783,-57.79
OBSERVED,OBSERVED,RAINY,351012,EL_NINO,R20mm,11.167,6.0,-5.167,-46.27
OBSERVED,OBSERVED,RAINY,351012,EL_NINO,R50mm,3.0,1.5,-1.5,-50.0
OBSERVED,OBSERVED,RAINY,351012,EL_NINO,R95p,266.783,114.1,-152.683,-57.23
OBSERVED,OBSERVED,RAINY,351012,EL_NINO,R99p,77.35,54.15,-23.2,-29.99
OBSERVED,OBSERVED,RAINY,351012,EL_NINO,CDD,12.5,14.5,2.0,16.0
OBSERVED,OBSERVED,RAINY,351012,EL_NINO,CWD,7.833,6.0,-1.833,-23.4
OBSERVED,OBSERVED,RAINY,351012,LA_NINA,PRCPTOT,799.467,797.38,-2.087,-0.26
OBSERVED,OBSERVED,RAINY,351012,LA_NINA,wet_day_freq,36.957,36.522,-0.435,-1.18
OBSERVED,OBSERVED,RAINY,351012,LA_NINA,SDII,11.795,11.966,0.171,1.45
OBSERVED,OBSERVED,RAINY,351012,LA_NINA,Rx1day,104.533,116.84,12.307,11.77
OBSERVED,OBSERVED,RAINY,351012,LA_NINA,Rx5day,193.433,204.92,11.487,5.94
OBSERVED,OBSERVED,RAINY,351012,LA_NINA,R20mm,11.167,9.6,-1.567,-14.03
OBSERVED,OBSERVED,RAINY,351012,LA_NINA,R50mm,3.0,2.0,-1.0,-33.33
OBSERVED,OBSERVED,RAINY,351012,LA_NINA,R95p,266.783,227.66,-39.123,-14.66
OBSERVED,OBSERVED,RAINY,351012,LA_NINA,R99p,77.35,157.86,80.51,104.09
OBSERVED,OBSERVED,RAINY,351012,LA_NINA,CDD,12.5,11.0,-1.5,-12.0
OBSERVED,OBSERVED,RAINY,351012,LA_NINA,CWD,7.833,10.6,2.767,35.32
OBSERVED,OBSERVED,RAINY,351201,EL_NINO,PRCPTOT,957.033,663.7,-293.333,-30.65
OBSERVED,OBSERVED,RAINY,351201,EL_NINO,wet_day_freq,41.487,33.695,-7.792,-18.78
OBSERVED,OBSERVED,RAINY,351201,EL_NINO,SDII,12.42,10.71,-1.71,-13.77
OBSERVED,OBSERVED,RAINY,351201,EL_NINO,Rx1day,105.1,63.1,-42.0,-39.96
OBSERVED,OBSERVED,RAINY,351201,EL_NINO,Rx5day,176.183,133.2,-42.983,-24.4
OBSERVED,OBSERVED,RAINY,351201,EL_NINO,R20mm,12.667,10.5,-2.167,-17.11
OBSERVED,OBSERVED,RAINY,351201,EL_NINO,R50mm,2.833,2.0,-0.833,-29.41
OBSERVED,OBSERVED,RAINY,351201,EL_NINO,R95p,305.617,158.9,-146.717,-48.01
OBSERVED,OBSERVED,RAINY,351201,EL_NINO,R99p,145.667,0.0,-145.667,-100.0
OBSERVED,OBSERVED,RAINY,351201,EL_NINO,CDD,9.0,13.5,4.5,50.0
OBSERVED,OBSERVED,RAINY,351201,EL_NINO,CWD,7.667,8.5,0.833,10.87
OBSERVED,OBSERVED,RAINY,351201,LA_NINA,PRCPTOT,957.033,950.04,-6.993,-0.73
OBSERVED,OBSERVED,RAINY,351201,LA_NINA,wet_day_freq,41.487,44.672,3.185,7.68
OBSERVED,OBSERVED,RAINY,351201,LA_NINA,SDII,12.42,11.524,-0.896,-7.21
OBSERVED,OBSERVED,RAINY,351201,LA_NINA,Rx1day,105.1,77.24,-27.86,-26.51
OBSERVED,OBSERVED,RAINY,351201,LA_NINA,Rx5day,176.183,149.4,-26.783,-15.2
OBSERVED,OBSERVED,RAINY,351201,LA_NINA,R20mm,12.667,13.8,1.133,8.95
OBSERVED,OBSERVED,RAINY,351201,LA_NINA,R50mm,2.833,2.4,-0.433,-15.29
OBSERVED,OBSERVED,RAINY,351201,LA_NINA,R95p,305.617,242.88,-62.737,-20.53
OBSERVED,OBSERVED,RAINY,351201,LA_NINA,R99p,145.667,76.54,-69.127,-47.46
OBSERVED,OBSERVED,RAINY,351201,LA_NINA,CDD,9.0,12.8,3.8,42.22
OBSERVED,OBSERVED,RAINY,351201,LA_NINA,CWD,7.667,11.4,3.733,48.7
