scenario,period,method,metric,group,raw_mean,corrected_mean,delta_mean,n_improved,n_total,pct_improved
0.1 mm,validation,QDM_NP_annual,PBIAS,B1_systematic_bias,19.990949741096326,13.68774355696341,-6.303206184132916,36,60,60.0
0.1 mm,validation,QDM_NP_annual,KS_D,B2_distributional_fidelity,0.246919289487301,0.1243367936240643,-0.12258249586323672,49,60,81.66666666666667
0.1 mm,validation,QDM_NP_annual,q99_relbias_pct,B2_distributional_fidelity,50.424658948133086,23.26168751942073,-27.162971428712346,42,60,70.0
0.1 mm,validation,QDM_NP_annual,mRMSE,B3_error_based,116.20256271663513,124.57083006797885,8.368267351343702,23,60,38.333333333333336
0.1 mm,validation,QDM_NP_annual,mKGE,B3_error_based,0.22917119312902437,0.2030208628566303,-0.02615033027239407,26,60,43.333333333333336
0.1 mm,validation,QDM_NP_annual,clim_r,B4_temporal_correspondence,0.6434297680356094,0.6292864516070504,-0.014143316428558865,28,60,46.666666666666664
0.1 mm,validation,QDM_NP_monthly,PBIAS,B1_systematic_bias,19.990949741096326,13.78447339954162,-6.206476341554705,39,60,65.0
0.1 mm,validation,QDM_NP_monthly,KS_D,B2_distributional_fidelity,0.246919289487301,0.12210649269562492,-0.12481279679167606,49,60,81.66666666666667
0.1 mm,validation,QDM_NP_monthly,q99_relbias_pct,B2_distributional_fidelity,50.424658948133086,26.58294298375413,-23.841715964378952,44,60,73.33333333333333
0.1 mm,validation,QDM_NP_monthly,mRMSE,B3_error_based,116.20256271663513,109.01215600042488,-7.190406716210248,38,60,63.33333333333333
0.1 mm,validation,QDM_NP_monthly,mKGE,B3_error_based,0.22917119312902437,0.3321961347831026,0.10302494165407827,41,60,68.33333333333333
0.1 mm,validation,QDM_NP_monthly,clim_r,B4_temporal_correspondence,0.6434297680356094,0.8812527712148737,0.23782300317926425,59,60,98.33333333333333
0.1 mm,validation,QDM_P_annual,PBIAS,B1_systematic_bias,19.990949741096326,27.68574581480925,7.6947960737129195,21,60,35.0
0.1 mm,validation,QDM_P_annual,KS_D,B2_distributional_fidelity,0.246919289487301,0.16603542916093572,-0.08088386032636528,40,60,66.66666666666666
0.1 mm,validation,QDM_P_annual,q99_relbias_pct,B2_distributional_fidelity,50.424658948133086,56.14311597608026,5.718457027947179,30,60,50.0
0.1 mm,validation,QDM_P_annual,mRMSE,B3_error_based,116.20256271663513,116.96536291258288,0.7628001959477468,33,60,55.00000000000001
0.1 mm,validation,QDM_P_annual,mKGE,B3_error_based,0.22917119312902437,0.10486167662450549,-0.12430951650451888,16,60,26.666666666666668
0.1 mm,validation,QDM_P_annual,clim_r,B4_temporal_correspondence,0.6434297680356094,0.642967563565564,-0.00046220447004543624,32,60,53.333333333333336
0.1 mm,validation,QDM_P_monthly,PBIAS,B1_systematic_bias,19.990949741096326,19.833644937523577,-0.15730480357274282,34,60,56.666666666666664
0.1 mm,validation,QDM_P_monthly,KS_D,B2_distributional_fidelity,0.246919289487301,0.13264298626031668,-0.11427630322698432,45,60,75.0
0.1 mm,validation,QDM_P_monthly,q99_relbias_pct,B2_distributional_fidelity,50.424658948133086,49.359844755798704,-1.0648141923343755,45,60,75.0
0.1 mm,validation,QDM_P_monthly,mRMSE,B3_error_based,116.20256271663513,116.85338720084937,0.6508244842142449,34,60,56.666666666666664
0.1 mm,validation,QDM_P_monthly,mKGE,B3_error_based,0.22917119312902437,0.21732052275567074,-0.011850670373353642,34,60,56.666666666666664
0.1 mm,validation,QDM_P_monthly,clim_r,B4_temporal_correspondence,0.6434297680356094,0.7093045391233498,0.06587477108774041,45,60,75.0
0.5 mm,validation,QDM_NP_annual,PBIAS,B1_systematic_bias,19.990949741096326,13.655364082647795,-6.33558565844853,37,60,61.66666666666667
0.5 mm,validation,QDM_NP_annual,KS_D,B2_distributional_fidelity,0.23378569776945296,0.10730019575769677,-0.12648550201175612,53,60,88.33333333333333
0.5 mm,validation,QDM_NP_annual,q99_relbias_pct,B2_distributional_fidelity,52.17031209748972,24.38327064723772,-27.787041450252005,45,60,75.0
0.5 mm,validation,QDM_NP_annual,mRMSE,B3_error_based,116.20256271663513,124.66955190592395,8.466989189288816,22,60,36.666666666666664
0.5 mm,validation,QDM_NP_annual,mKGE,B3_error_based,0.22917119312902437,0.2026510116038248,-0.026520181525199586,24,60,40.0
0.5 mm,validation,QDM_NP_annual,clim_r,B4_temporal_correspondence,0.6434297680356094,0.629465785940604,-0.013963982095005377,28,60,46.666666666666664
0.5 mm,validation,QDM_NP_monthly,PBIAS,B1_systematic_bias,19.990949741096326,13.963857959575655,-6.027091781520673,37,60,61.66666666666667
0.5 mm,validation,QDM_NP_monthly,KS_D,B2_distributional_fidelity,0.23378569776945296,0.10275506432107401,-0.1310306334483789,52,60,86.66666666666667
0.5 mm,validation,QDM_NP_monthly,q99_relbias_pct,B2_distributional_fidelity,52.17031209748972,27.38787724241182,-24.782434855077906,45,60,75.0
0.5 mm,validation,QDM_NP_monthly,mRMSE,B3_error_based,116.20256271663513,109.25593808856885,-6.9466246280662896,38,60,63.33333333333333
0.5 mm,validation,QDM_NP_monthly,mKGE,B3_error_based,0.22917119312902437,0.3304376271579844,0.10126643402896011,40,60,66.66666666666666
0.5 mm,validation,QDM_NP_monthly,clim_r,B4_temporal_correspondence,0.6434297680356094,0.8801492639993297,0.23671949596372033,59,60,98.33333333333333
0.5 mm,validation,QDM_P_annual,PBIAS,B1_systematic_bias,19.990949741096326,17.538357490829807,-2.452592250266515,34,60,56.666666666666664
0.5 mm,validation,QDM_P_annual,KS_D,B2_distributional_fidelity,0.23378569776945296,0.13797324797197316,-0.09581244979747972,44,60,73.33333333333333
0.5 mm,validation,QDM_P_annual,q99_relbias_pct,B2_distributional_fidelity,52.17031209748972,42.05917824295518,-10.111133854534549,33,60,55.00000000000001
0.5 mm,validation,QDM_P_annual,mRMSE,B3_error_based,116.20256271663513,114.53198790612527,-1.6705748105098779,35,60,58.333333333333336
0.5 mm,validation,QDM_P_annual,mKGE,B3_error_based,0.22917119312902437,0.2255296248795184,-0.003641568249505939,28,60,46.666666666666664
0.5 mm,validation,QDM_P_annual,clim_r,B4_temporal_correspondence,0.6434297680356094,0.6462712533718821,0.002841485336272856,35,60,58.333333333333336
0.5 mm,validation,QDM_P_monthly,PBIAS,B1_systematic_bias,19.990949741096326,16.214984923169144,-3.775964817927182,33,60,55.00000000000001
0.5 mm,validation,QDM_P_monthly,KS_D,B2_distributional_fidelity,0.23378569776945296,0.10961872489046769,-0.12416697287898523,53,60,88.33333333333333
0.5 mm,validation,QDM_P_monthly,q99_relbias_pct,B2_distributional_fidelity,52.17031209748972,45.87103880633726,-6.299273291152469,37,60,61.66666666666667
0.5 mm,validation,QDM_P_monthly,mRMSE,B3_error_based,116.20256271663513,105.57613920759155,-10.626423509043592,45,60,75.0
0.5 mm,validation,QDM_P_monthly,mKGE,B3_error_based,0.22917119312902437,0.3273067971809953,0.09813560405197096,47,60,78.33333333333333
0.5 mm,validation,QDM_P_monthly,clim_r,B4_temporal_correspondence,0.6434297680356094,0.8510522327881807,0.2076224647525714,55,60,91.66666666666666
1.0 mm (primary),validation,QDM_NP_annual,PBIAS,B1_systematic_bias,19.99094974109633,13.465261252848276,-6.525688488248047,36,60,60.0
1.0 mm (primary),validation,QDM_NP_annual,KS_D,B2_distributional_fidelity,0.2006320893393624,0.1056946948637431,-0.0949373944756193,50,60,83.33333333333334
1.0 mm (primary),validation,QDM_NP_annual,q99_relbias_pct,B2_distributional_fidelity,52.9787809452552,24.785059108818544,-28.19372183643667,44,60,73.33333333333333
1.0 mm (primary),validation,QDM_NP_annual,mRMSE,B3_error_based,116.20256271663511,124.7369073814452,8.534344664810062,22,60,36.66666666666666
1.0 mm (primary),validation,QDM_NP_annual,mKGE,B3_error_based,0.2291711931290243,0.2031893157842557,-0.0259818773447686,25,60,41.66666666666667
1.0 mm (primary),validation,QDM_NP_annual,clim_r,B4_temporal_correspondence,0.6434297680356094,0.6293680095279509,-0.0140617585076584,28,60,46.66666666666666
1.0 mm (primary),validation,QDM_NP_monthly,PBIAS,B1_systematic_bias,19.99094974109633,13.805487367650905,-6.185462373445422,37,60,61.66666666666667
1.0 mm (primary),validation,QDM_NP_monthly,KS_D,B2_distributional_fidelity,0.2006320893393624,0.1010065587145917,-0.0996255306247707,52,60,86.66666666666667
1.0 mm (primary),validation,QDM_NP_monthly,q99_relbias_pct,B2_distributional_fidelity,52.9787809452552,27.374827977869927,-25.60395296738529,43,60,71.66666666666667
1.0 mm (primary),validation,QDM_NP_monthly,mRMSE,B3_error_based,116.20256271663511,109.45301175132585,-6.749550965309288,38,60,63.33333333333333
1.0 mm (primary),validation,QDM_NP_monthly,mKGE,B3_error_based,0.2291711931290243,0.3293344707516443,0.1001632776226199,41,60,68.33333333333333
1.0 mm (primary),validation,QDM_NP_monthly,clim_r,B4_temporal_correspondence,0.6434297680356094,0.8798282756214193,0.23639850758581,59,60,98.33333333333331
1.0 mm (primary),validation,QDM_P_annual,PBIAS,B1_systematic_bias,19.99094974109633,22.13152742198902,2.140577680892695,25,60,41.66666666666667
1.0 mm (primary),validation,QDM_P_annual,KS_D,B2_distributional_fidelity,0.2006320893393624,0.1410476790663405,-0.0595844102730218,40,60,66.66666666666666
1.0 mm (primary),validation,QDM_P_annual,q99_relbias_pct,B2_distributional_fidelity,52.9787809452552,44.86177540505068,-8.117005540204543,34,60,56.66666666666666
1.0 mm (primary),validation,QDM_P_annual,mRMSE,B3_error_based,116.20256271663511,123.71607608446313,7.5135133678280015,29,60,48.333333333333336
1.0 mm (primary),validation,QDM_P_annual,mKGE,B3_error_based,0.2291711931290243,0.1521297339189006,-0.0770414592101237,27,60,45.0
1.0 mm (primary),validation,QDM_P_annual,clim_r,B4_temporal_correspondence,0.6434297680356094,0.6435846864712471,0.0001549184356377,32,60,53.333333333333336
1.0 mm (primary),validation,QDM_P_monthly,PBIAS,B1_systematic_bias,19.99094974109633,15.479536068874364,-4.511413672221962,37,60,61.66666666666667
1.0 mm (primary),validation,QDM_P_monthly,KS_D,B2_distributional_fidelity,0.2006320893393624,0.0979424070525119,-0.1026896822868505,51,60,85.0
1.0 mm (primary),validation,QDM_P_monthly,q99_relbias_pct,B2_distributional_fidelity,52.9787809452552,32.535851494456224,-20.442929450799,39,60,65.0
1.0 mm (primary),validation,QDM_P_monthly,mRMSE,B3_error_based,116.20256271663511,105.05990668888208,-11.142656027753077,44,60,73.33333333333333
1.0 mm (primary),validation,QDM_P_monthly,mKGE,B3_error_based,0.2291711931290243,0.3368473157396502,0.1076761226106259,45,60,75.0
1.0 mm (primary),validation,QDM_P_monthly,clim_r,B4_temporal_correspondence,0.6434297680356094,0.8641169194803692,0.2206871514447598,59,60,98.33333333333331
